no,file,n_records,n_users
1,20241012/20241012.csv,12467,71
1,20240930/20240930.csv,4932,90
1,20241015/20241015.csv,2703,99
1,20241023/20241023.csv,8313,115
1,20241024/20241024.csv,10793,132
1,20241025/20241025.csv,13982,144
1,20241022/20241022.csv,6085,157
1,20241014/20241014.csv,8070,175
1,20241013/20241013.csv,14133,195
1,20241009/20241009.csv,1931,196
1,20240925/20240925.csv,1836,198
1,20241007/20241007.csv,3171,198
1,20241006/20241006.csv,5820,209
1,20241001/20241001.csv,2766,211
1,20241008/20241008.csv,1941,216
1,20241029/20241029.csv,5496,218
1,20241016/20241016.csv,2850,220
1,20241011/20241011.csv,3930,222
1,20241018/20241018.csv,5825,227
1,20241027/20241027.csv,19435,232
1,20241020/20241020.csv,9416,243
1,20241021/20241021.csv,6744,250
1,20241019/20241019.csv,5481,252
1,20241026/20241026.csv,35429,259
1,20241010/20241010.csv,2515,262
1,20241028/20241028.csv,11341,265
1,20241017/20241017.csv,2336,270
1,20240928/20240928.csv,6415,271
1,20241004/20241004.csv,3005,272
1,20241003/20241003.csv,3831,278
1,20240926/20240926.csv,998,286
1,20241002/20241002.csv,1834,287
1,20240927/20240927.csv,3003,287
1,20241005/20241005.csv,5773,290
1,20240929/20240929.csv,7254,291
2,20241012/20241012.csv,15319,101
2,20240930/20240930.csv,11484,131
2,20241015/20241015.csv,9693,160
2,20241023/20241023.csv,9278,180
2,20241024/20241024.csv,11045,200
2,20241025/20241025.csv,12237,222
2,20241022/20241022.csv,10007,227
2,20241014/20241014.csv,15187,247
2,20241013/20241013.csv,14714,263
2,20241009/20241009.csv,10333,269
2,20240925/20240925.csv,3723,275
2,20241007/20241007.csv,8219,279
2,20241006/20241006.csv,12732,286
2,20241001/20241001.csv,14953,300
2,20241008/20241008.csv,12136,306
2,20241029/20241029.csv,5252,310
2,20241016/20241016.csv,12712,319
2,20241011/20241011.csv,12562,325
2,20241018/20241018.csv,14863,334
2,20241027/20241027.csv,12456,341
2,20241020/20241020.csv,11956,344
2,20241021/20241021.csv,10851,355
2,20241019/20241019.csv,12403,358
2,20241026/20241026.csv,13114,367
2,20241010/20241010.csv,10699,374
2,20241028/20241028.csv,11679,384
2,20241017/20241017.csv,11818,392
2,20240928/20240928.csv,8686,396
2,20241004/20241004.csv,14508,403
2,20241003/20241003.csv,9038,408
2,20240926/20240926.csv,12366,411
2,20241002/20241002.csv,9906,417
2,20240927/20240927.csv,13828,418
2,20241005/20241005.csv,13851,421
2,20240929/20240929.csv,10978,423
3,20241012/20241012.csv,19815,83
3,20240930/20240930.csv,10590,96
3,20241015/20241015.csv,11634,116
3,20241023/20241023.csv,11654,128
3,20241024/20241024.csv,9614,134
3,20241025/20241025.csv,9208,140
3,20241022/20241022.csv,11383,146
3,20241014/20241014.csv,26452,172
3,20241013/20241013.csv,33809,193
3,20241009/20241009.csv,10432,198
3,20240925/20240925.csv,5401,202
3,20241007/20241007.csv,11660,203
3,20241006/20241006.csv,18261,211
3,20241001/20241001.csv,10220,218
3,20241008/20241008.csv,9890,221
3,20241029/20241029.csv,3301,221
3,20241016/20241016.csv,12086,222
3,20241011/20241011.csv,9039,224
3,20241018/20241018.csv,9082,230
3,20241027/20241027.csv,17146,236
3,20241020/20241020.csv,23102,242
3,20241021/20241021.csv,8490,247
3,20241019/20241019.csv,17680,250
3,20241026/20241026.csv,19045,256
3,20241010/20241010.csv,8323,258
3,20241028/20241028.csv,7435,260
3,20241017/20241017.csv,11166,263
3,20240928/20240928.csv,15728,270
3,20241004/20241004.csv,10046,273
3,20241003/20241003.csv,11583,273
3,20240926/20240926.csv,11538,274
3,20241002/20241002.csv,10055,275
3,20240927/20240927.csv,11782,279
3,20241005/20241005.csv,16886,284
3,20240929/20240929.csv,20119,289
4,20241012/20241012.csv,13943,57
4,20240930/20240930.csv,3227,70
4,20241015/20241015.csv,5357,81
4,20241023/20241023.csv,3847,87
4,20241024/20241024.csv,5191,94
4,20241025/20241025.csv,4712,98
4,20241022/20241022.csv,4656,101
4,20241014/20241014.csv,16852,130
4,20241013/20241013.csv,20150,145
4,20240826/20240826.csv,6,145
4,20241009/20241009.csv,4387,148
4,20240925/20240925.csv,1832,148
4,20241007/20241007.csv,5325,152
4,20241006/20241006.csv,11965,157
4,20241001/20241001.csv,3845,160
4,20241008/20241008.csv,8004,161
4,20241029/20241029.csv,1427,162
4,20241016/20241016.csv,6529,164
4,20241011/20241011.csv,3713,166
4,20241018/20241018.csv,5225,168
4,20241027/20241027.csv,14162,172
4,20241020/20241020.csv,16119,180
4,20241021/20241021.csv,5742,184
4,20241019/20241019.csv,17298,193
4,20241026/20241026.csv,11043,200
4,20241010/20241010.csv,4522,201
4,20241028/20241028.csv,6150,203
4,20241017/20241017.csv,4723,204
4,20240928/20240928.csv,8304,208
4,20241004/20241004.csv,3437,212
4,20241003/20241003.csv,3451,213
4,20240926/20240926.csv,2759,216
4,20241002/20241002.csv,5280,219
4,20240927/20240927.csv,4178,220
4,20241005/20241005.csv,10390,226
4,20240929/20240929.csv,11603,231
79,20241004/20241004.csv,29807,145
79,20241003/20241003.csv,4778,157
79,20241002/20241002.csv,4,157
79,20241005/20241005.csv,44611,225
5,20241012/20241012.csv,1399,46
5,20240930/20240930.csv,1929,59
5,20241015/20241015.csv,1739,68
5,20241023/20241023.csv,1769,77
5,20241024/20241024.csv,911,84
5,20241025/20241025.csv,1811,89
5,20241022/20241022.csv,1533,94
5,20241014/20241014.csv,961,103
5,20241013/20241013.csv,1314,114
5,20241009/20241009.csv,3212,116
5,20240925/20240925.csv,1184,118
5,20241007/20241007.csv,1783,120
5,20241006/20241006.csv,1144,131
5,20241001/20241001.csv,1935,135
5,20241008/20241008.csv,1186,138
5,20241030/20241030.csv,729,139
5,20241029/20241029.csv,1202,141
5,20241016/20241016.csv,1178,144
5,20241011/20241011.csv,1603,147
5,20241018/20241018.csv,2851,154
5,20241027/20241027.csv,881,158
5,20241020/20241020.csv,951,160
5,20241021/20241021.csv,1510,163
5,20241019/20241019.csv,585,165
5,20241026/20241026.csv,675,168
5,20241010/20241010.csv,1574,171
5,20241028/20241028.csv,1544,173
5,20241017/20241017.csv,2145,175
5,20240928/20240928.csv,839,176
5,20241004/20241004.csv,1201,176
5,20241003/20241003.csv,1267,177
5,20240926/20240926.csv,1763,180
5,20241002/20241002.csv,1242,180
5,20240927/20240927.csv,2253,183
5,20241005/20241005.csv,1049,184
5,20240929/20240929.csv,867,187
6,20241012/20241012.csv,83228,409
6,20240930/20240930.csv,68503,583
6,20241015/20241015.csv,64025,709
6,20241014/20241014.csv,83893,843
6,20241013/20241013.csv,93193,960
6,20241009/20241009.csv,65145,1046
6,20240925/20240925.csv,62801,1108
6,20241007/20241007.csv,64468,1194
6,20241006/20241006.csv,86237,1293
6,20241001/20241001.csv,60249,1379
6,20241008/20241008.csv,66722,1450
6,20241016/20241016.csv,65153,1525
6,20241011/20241011.csv,79515,1604
6,20241018/20241018.csv,66536,1688
6,20241019/20241019.csv,40374,1732
6,20241010/20241010.csv,66161,1782
6,20241017/20241017.csv,61282,1863
6,20240928/20240928.csv,85271,1940
6,20241004/20241004.csv,83893,2015
6,20241003/20241003.csv,73285,2086
6,20240926/20240926.csv,82322,2166
6,20241002/20241002.csv,79412,2241
6,20240927/20240927.csv,88166,2325
6,20241005/20241005.csv,92523,2400
6,20240929/20240929.csv,81376,2478
7,20241012/20241012.csv,4919,93
7,20240930/20240930.csv,2407,120
7,20241015/20241015.csv,2535,145
7,20241023/20241023.csv,2609,163
7,20241024/20241024.csv,2778,173
7,20241025/20241025.csv,3653,187
7,20241022/20241022.csv,2760,201
7,20241014/20241014.csv,3120,205
7,20241013/20241013.csv,4586,217
7,20241009/20241009.csv,2596,230
7,20240925/20240925.csv,2360,236
7,20241007/20241007.csv,1285,244
7,20241006/20241006.csv,2512,252
7,20241001/20241001.csv,2485,263
7,20241008/20241008.csv,6336,268
7,20241030/20241030.csv,1227,272
7,20241029/20241029.csv,2515,280
7,20241016/20241016.csv,3378,289
7,20241011/20241011.csv,2783,299
7,20241018/20241018.csv,3879,309
7,20241027/20241027.csv,3101,315
7,20241020/20241020.csv,3130,322
7,20241021/20241021.csv,2195,329
7,20241019/20241019.csv,4554,338
7,20241026/20241026.csv,3414,350
7,20241010/20241010.csv,2940,356
7,20241028/20241028.csv,2258,359
7,20241017/20241017.csv,2854,362
7,20240928/20240928.csv,3114,367
7,20241004/20241004.csv,2879,369
7,20241003/20241003.csv,2152,375
7,20240926/20240926.csv,2722,378
7,20241002/20241002.csv,1704,381
7,20240927/20240927.csv,3021,383
7,20241005/20241005.csv,5411,390
7,20240929/20240929.csv,2537,393
8,20241012/20241012.csv,5416,74
8,20240930/20240930.csv,2873,101
8,20241015/20241015.csv,5054,118
8,20241023/20241023.csv,3525,131
8,20241024/20241024.csv,4019,149
8,20241025/20241025.csv,1427,158
8,20241022/20241022.csv,6084,167
8,20241014/20241014.csv,6502,172
8,20241013/20241013.csv,4903,181
8,20241009/20241009.csv,6397,188
8,20240925/20240925.csv,3503,192
8,20241007/20241007.csv,6464,199
8,20241006/20241006.csv,3078,206
8,20241001/20241001.csv,2462,212
8,20241008/20241008.csv,5995,217
8,20241016/20241016.csv,4637,221
8,20241011/20241011.csv,9439,231
8,20241018/20241018.csv,6282,238
8,20241020/20241020.csv,4403,243
8,20241021/20241021.csv,5455,247
8,20241019/20241019.csv,4873,252
8,20241010/20241010.csv,7734,252
8,20241017/20241017.csv,4356,255
8,20240928/20240928.csv,4946,257
8,20241004/20241004.csv,4822,262
8,20241003/20241003.csv,4992,265
8,20240926/20240926.csv,7387,271
8,20241002/20241002.csv,3291,276
8,20240927/20240927.csv,7432,279
8,20241005/20241005.csv,3739,287
8,20240929/20240929.csv,5401,289
9,20241012/20241012.csv,15727,151
9,20240930/20240930.csv,10520,187
9,20241015/20241015.csv,9930,217
9,20241023/20241023.csv,7329,239
9,20241024/20241024.csv,11061,267
9,20241025/20241025.csv,15409,285
9,20241022/20241022.csv,11406,300
9,20241014/20241014.csv,13926,319
9,20241013/20241013.csv,12125,328
9,20241009/20241009.csv,10854,350
9,20240925/20240925.csv,7125,354
9,20241007/20241007.csv,8204,361
9,20241006/20241006.csv,14679,375
9,20241001/20241001.csv,9257,381
9,20241008/20241008.csv,9887,391
9,20241030/20241030.csv,5680,398
9,20241029/20241029.csv,10529,401
9,20241016/20241016.csv,9209,411
9,20241011/20241011.csv,16494,417
9,20241018/20241018.csv,12042,426
9,20241027/20241027.csv,16533,431
9,20241020/20241020.csv,16314,437
9,20241021/20241021.csv,10979,445
9,20241019/20241019.csv,15058,452
9,20241026/20241026.csv,13703,460
9,20241010/20241010.csv,14054,465
9,20241028/20241028.csv,10091,469
9,20241017/20241017.csv,11154,471
9,20240928/20240928.csv,14202,479
9,20241004/20241004.csv,13313,481
9,20241003/20241003.csv,11526,489
9,20240926/20240926.csv,12860,496
9,20241002/20241002.csv,10943,504
9,20240927/20240927.csv,14982,506
9,20241005/20241005.csv,13341,507
9,20240929/20240929.csv,13661,509
10,20240913/20240913.csv,54,4
10,20240925/20240925.csv,2,5
11,20241015/20241015.csv,1405,32
11,20241023/20241023.csv,431,45
11,20241024/20241024.csv,1258,55
11,20241025/20241025.csv,2332,68
11,20241022/20241022.csv,1307,81
11,20240913/20240913.csv,2,82
11,20241029/20241029.csv,750,86
11,20241016/20241016.csv,614,94
11,20241011/20241011.csv,3,96
11,20241018/20241018.csv,2510,109
11,20241027/20241027.csv,5296,124
11,20241020/20241020.csv,6297,143
11,20241021/20241021.csv,1304,145
11,20241019/20241019.csv,3021,147
11,20241026/20241026.csv,2608,154
11,20241028/20241028.csv,1106,156
11,20241017/20241017.csv,3997,165
12,20241012/20241012.csv,37175,87
12,20240930/20240930.csv,10668,96
12,20241015/20241015.csv,26435,114
12,20241023/20241023.csv,11873,125
12,20241024/20241024.csv,30943,144
12,20241025/20241025.csv,34571,168
12,20241022/20241022.csv,24833,177
12,20241014/20241014.csv,39945,192
12,20241013/20241013.csv,54609,221
12,20240913/20240913.csv,2,223
12,20241009/20241009.csv,8195,225
12,20241007/20241007.csv,13655,231
12,20241006/20241006.csv,23950,240
12,20241001/20241001.csv,14722,245
12,20241008/20241008.csv,16947,251
12,20241029/20241029.csv,22585,256
12,20241016/20241016.csv,21004,260
12,20241011/20241011.csv,25582,270
12,20241018/20241018.csv,26930,276
12,20241027/20241027.csv,37715,285
12,20241020/20241020.csv,42782,290
12,20241021/20241021.csv,24681,290
12,20241019/20241019.csv,36889,295
12,20241026/20241026.csv,34672,302
12,20241010/20241010.csv,14372,304
12,20241028/20241028.csv,30893,305
12,20241017/20241017.csv,21853,307
12,20240928/20240928.csv,18321,310
12,20241004/20241004.csv,14463,313
12,20241003/20241003.csv,8675,317
12,20240926/20240926.csv,7129,319
12,20241002/20241002.csv,10185,319
12,20240927/20240927.csv,15677,321
12,20241005/20241005.csv,19951,324
12,20240929/20240929.csv,19892,326
13,20241012/20241012.csv,17504,73
13,20240930/20240930.csv,7388,89
13,20241015/20241015.csv,10682,104
13,20241023/20241023.csv,7764,112
13,20241024/20241024.csv,7868,124
13,20241025/20241025.csv,7052,133
13,20241022/20241022.csv,6513,141
13,20241014/20241014.csv,18172,154
13,20241013/20241013.csv,28257,177
13,20240826/20240826.csv,1,178
13,20241009/20241009.csv,8561,185
13,20241007/20241007.csv,7257,188
13,20241006/20241006.csv,16467,195
13,20241001/20241001.csv,8523,199
13,20241008/20241008.csv,7853,201
13,20241029/20241029.csv,5372,203
13,20241016/20241016.csv,7764,205
13,20241011/20241011.csv,8734,210
13,20241018/20241018.csv,8667,212
13,20241027/20241027.csv,13820,213
13,20241020/20241020.csv,17653,221
13,20241021/20241021.csv,7876,224
13,20241019/20241019.csv,15516,231
13,20241026/20241026.csv,13730,235
13,20241010/20241010.csv,7867,241
13,20241028/20241028.csv,6224,243
13,20241017/20241017.csv,6176,245
13,20240928/20240928.csv,13798,246
13,20241004/20241004.csv,7568,248
13,20241003/20241003.csv,5810,252
13,20240926/20240926.csv,3140,252
13,20241002/20241002.csv,9134,256
13,20240927/20240927.csv,9342,259
13,20241005/20241005.csv,11356,264
13,20240929/20240929.csv,15848,270
14,20241012/20241012.csv,13677,100
14,20240930/20240930.csv,10143,120
14,20241015/20241015.csv,10660,133
14,20241023/20241023.csv,5491,141
14,20241024/20241024.csv,6931,152
14,20241025/20241025.csv,8902,166
14,20241022/20241022.csv,9442,174
14,20241014/20241014.csv,16186,194
14,20241013/20241013.csv,18372,215
14,20241009/20241009.csv,9712,218
14,20241007/20241007.csv,7601,223
14,20241006/20241006.csv,11158,237
14,20241001/20241001.csv,10734,249
14,20241008/20241008.csv,9339,252
14,20241029/20241029.csv,6020,255
14,20241016/20241016.csv,7805,258
14,20241011/20241011.csv,8671,263
14,20241018/20241018.csv,9461,271
14,20241027/20241027.csv,11312,278
14,20241020/20241020.csv,15457,288
14,20241021/20241021.csv,9903,293
14,20241019/20241019.csv,9431,298
14,20241026/20241026.csv,11120,303
14,20241010/20241010.csv,7630,306
14,20241028/20241028.csv,8373,312
14,20241017/20241017.csv,6152,316
14,20240928/20240928.csv,9014,321
14,20241004/20241004.csv,7032,324
14,20241003/20241003.csv,10070,327
14,20240926/20240926.csv,7298,330
14,20241002/20241002.csv,7727,336
14,20240927/20240927.csv,9446,337
14,20241005/20241005.csv,10391,343
14,20240929/20240929.csv,11052,344
15,20240930/20240930.csv,14779,125
15,20241015/20241015.csv,13506,176
15,20241023/20241023.csv,32149,238
15,20241024/20241024.csv,30327,282
15,20241025/20241025.csv,38175,322
15,20241022/20241022.csv,28854,345
15,20241001/20241001.csv,14928,359
15,20241029/20241029.csv,17018,373
15,20241016/20241016.csv,28858,387
15,20241018/20241018.csv,34485,408
15,20241027/20241027.csv,28450,419
15,20241020/20241020.csv,32929,442
15,20241021/20241021.csv,24988,456
15,20241019/20241019.csv,31417,467
15,20241026/20241026.csv,35369,479
15,20241028/20241028.csv,32200,491
15,20241017/20241017.csv,29743,497
15,20240928/20240928.csv,18109,504
15,20241003/20241003.csv,16203,514
15,20240926/20240926.csv,9681,521
15,20241002/20241002.csv,16883,538
15,20240927/20240927.csv,22022,545
15,20240929/20240929.csv,17286,546
16,20241012/20241012.csv,23071,103
16,20240930/20240930.csv,6583,123
16,20241015/20241015.csv,7598,132
16,20241023/20241023.csv,10754,143
16,20241024/20241024.csv,6110,149
16,20241025/20241025.csv,12113,156
16,20241022/20241022.csv,9633,161
16,20241014/20241014.csv,22626,193
16,20241013/20241013.csv,31373,218
16,20240913/20240913.csv,5,219
16,20241009/20241009.csv,6208,224
16,20241007/20241007.csv,8721,231
16,20241006/20241006.csv,14958,242
16,20241001/20241001.csv,5993,247
16,20241008/20241008.csv,8340,249
16,20241029/20241029.csv,8286,255
16,20241016/20241016.csv,8437,257
16,20241011/20241011.csv,10170,259
16,20241018/20241018.csv,8245,267
16,20241027/20241027.csv,17330,275
16,20241020/20241020.csv,19162,281
16,20241021/20241021.csv,11621,284
16,20241019/20241019.csv,13820,291
16,20241026/20241026.csv,13822,297
16,20241010/20241010.csv,6560,300
16,20241028/20241028.csv,9407,301
16,20241017/20241017.csv,6942,304
16,20240928/20240928.csv,10018,308
16,20241004/20241004.csv,6509,309
16,20241003/20241003.csv,5492,313
16,20240926/20240926.csv,4624,315
16,20241002/20241002.csv,4571,316
16,20240927/20240927.csv,7521,318
16,20241005/20241005.csv,13090,322
16,20240929/20240929.csv,10732,325
17,20241012/20241012.csv,20377,91
17,20240930/20240930.csv,9043,108
17,20241015/20241015.csv,11755,123
17,20241023/20241023.csv,11802,140
17,20241024/20241024.csv,12964,150
17,20241025/20241025.csv,12876,160
17,20241022/20241022.csv,15315,168
17,20241014/20241014.csv,27365,187
17,20241013/20241013.csv,27735,209
17,20241031/20241031.csv,12293,215
17,20240913/20240913.csv,15,215
17,20241009/20241009.csv,10895,222
17,20241007/20241007.csv,7508,223
17,20241006/20241006.csv,17851,231
17,20241001/20241001.csv,8709,235
17,20241008/20241008.csv,9625,241
17,20241030/20241030.csv,13557,244
17,20241029/20241029.csv,11109,247
17,20241016/20241016.csv,11220,253
17,20241011/20241011.csv,12109,255
17,20241018/20241018.csv,14723,259
17,20241027/20241027.csv,27049,267
17,20241020/20241020.csv,21602,274
17,20241021/20241021.csv,13358,280
17,20241019/20241019.csv,20394,283
17,20241026/20241026.csv,22711,289
17,20241010/20241010.csv,10371,292
17,20241028/20241028.csv,10852,297
17,20241017/20241017.csv,11514,299
17,20241101/20241101.csv,6568,302
17,20240928/20240928.csv,16201,310
17,20241004/20241004.csv,7090,313
17,20241003/20241003.csv,8728,315
17,20240926/20240926.csv,7542,317
17,20241002/20241002.csv,6638,319
17,20240927/20240927.csv,8234,325
17,20241005/20241005.csv,19401,336
17,20240929/20240929.csv,18196,337
18,20241012/20241012.csv,32113,121
18,20241015/20241015.csv,17734,163
18,20241023/20241023.csv,12925,189
18,20241024/20241024.csv,14820,212
18,20241025/20241025.csv,21525,227
18,20241022/20241022.csv,16823,239
18,20241014/20241014.csv,35760,270
18,20241013/20241013.csv,42011,292
18,20241009/20241009.csv,15506,310
18,20241007/20241007.csv,16684,317
18,20241006/20241006.csv,25759,328
18,20241008/20241008.csv,14742,331
18,20241016/20241016.csv,13714,341
18,20241011/20241011.csv,19546,347
18,20241018/20241018.csv,18189,355
18,20241027/20241027.csv,30717,362
18,20241020/20241020.csv,28633,370
18,20241021/20241021.csv,16620,378
18,20241019/20241019.csv,21583,383
18,20241026/20241026.csv,27733,389
18,20241010/20241010.csv,16464,393
18,20241028/20241028.csv,9565,397
18,20241017/20241017.csv,12652,406
18,20241004/20241004.csv,12766,410
18,20241005/20241005.csv,24408,417
19,20241012/20241012.csv,13293,101
19,20241015/20241015.csv,5852,116
19,20241023/20241023.csv,4735,131
19,20241024/20241024.csv,7988,147
19,20241025/20241025.csv,6412,171
19,20241022/20241022.csv,5895,181
19,20241014/20241014.csv,15611,204
19,20241013/20241013.csv,18163,227
19,20241031/20241031.csv,4757,235
19,20241009/20241009.csv,4628,235
19,20241007/20241007.csv,4361,241
19,20241006/20241006.csv,10173,253
19,20241008/20241008.csv,5363,257
19,20241030/20241030.csv,5319,259
19,20241029/20241029.csv,5391,261
19,20241016/20241016.csv,5148,264
19,20241011/20241011.csv,6944,269
19,20241018/20241018.csv,6653,276
19,20241027/20241027.csv,11165,282
19,20241020/20241020.csv,9561,289
19,20241021/20241021.csv,5998,294
19,20241019/20241019.csv,7962,301
19,20241026/20241026.csv,9653,306
19,20241010/20241010.csv,6990,308
19,20241028/20241028.csv,6047,309
19,20241017/20241017.csv,5998,314
19,20241101/20241101.csv,4163,317
19,20241004/20241004.csv,4687,318
19,20241005/20241005.csv,8419,322
20,20241012/20241012.csv,5185,39
20,20240930/20240930.csv,3698,43
20,20241015/20241015.csv,4121,43
20,20241023/20241023.csv,2476,51
20,20241024/20241024.csv,2559,66
20,20241025/20241025.csv,2190,72
20,20241022/20241022.csv,1736,72
20,20241014/20241014.csv,6386,91
20,20241013/20241013.csv,5857,105
20,20241031/20241031.csv,2546,108
20,20241009/20241009.csv,3560,111
20,20241007/20241007.csv,3440,114
20,20241006/20241006.csv,4168,117
20,20241001/20241001.csv,2747,118
20,20241008/20241008.csv,2776,118
20,20241030/20241030.csv,3228,120
20,20241029/20241029.csv,2437,121
20,20241016/20241016.csv,4276,125
20,20241011/20241011.csv,3878,131
20,20241018/20241018.csv,3982,133
20,20241027/20241027.csv,3141,142
20,20241020/20241020.csv,3281,145
20,20241021/20241021.csv,2499,147
20,20241019/20241019.csv,4392,152
20,20241026/20241026.csv,3697,156
20,20241010/20241010.csv,3585,157
20,20241028/20241028.csv,2789,160
20,20241017/20241017.csv,4314,161
20,20240928/20240928.csv,3440,164
20,20241004/20241004.csv,3662,165
20,20241003/20241003.csv,3235,167
20,20240926/20240926.csv,869,167
20,20241002/20241002.csv,3514,167
20,20240927/20240927.csv,3362,168
20,20241005/20241005.csv,4011,170
20,20240929/20240929.csv,3786,173
21,20241023/20241023.csv,4258,25
21,20241024/20241024.csv,5854,34
21,20241025/20241025.csv,6776,48
21,20241022/20241022.csv,5923,57
21,20240826/20240826.csv,1,58
21,20241031/20241031.csv,4139,67
21,20240913/20240913.csv,227,68
21,20241030/20241030.csv,7724,76
21,20241029/20241029.csv,7029,82
21,20241018/20241018.csv,7642,92
21,20241027/20241027.csv,6030,101
21,20241020/20241020.csv,10338,110
21,20241021/20241021.csv,7498,112
21,20241019/20241019.csv,7583,117
21,20241026/20241026.csv,9823,122
21,20241028/20241028.csv,4958,125
21,20241017/20241017.csv,491,125
21,20241101/20241101.csv,2788,125
21,20240928/20240928.csv,9878,131
21,20240926/20240926.csv,754,131
21,20240927/20240927.csv,6244,134
21,20240929/20240929.csv,6339,142
22,20241012/20241012.csv,3901,61
22,20240930/20240930.csv,2561,78
22,20241015/20241015.csv,3613,100
22,20241023/20241023.csv,2344,116
22,20241024/20241024.csv,1601,121
22,20241025/20241025.csv,3411,141
22,20241022/20241022.csv,2848,156
22,20241014/20241014.csv,3441,172
22,20241013/20241013.csv,5938,187
22,20241031/20241031.csv,2195,191
22,20241009/20241009.csv,2495,198
22,20241007/20241007.csv,1739,204
22,20241006/20241006.csv,2736,215
22,20241001/20241001.csv,2014,216
22,20241008/20241008.csv,1441,218
22,20241030/20241030.csv,2177,221
22,20241029/20241029.csv,2626,225
22,20241016/20241016.csv,1996,227
22,20241011/20241011.csv,2649,236
22,20241018/20241018.csv,2560,246
22,20241027/20241027.csv,2984,253
22,20241020/20241020.csv,3365,258
22,20241021/20241021.csv,3705,264
22,20241019/20241019.csv,5686,269
22,20241026/20241026.csv,4045,278
22,20241010/20241010.csv,2905,285
22,20241028/20241028.csv,2563,292
22,20241017/20241017.csv,4527,297
22,20240928/20240928.csv,3369,297
22,20241004/20241004.csv,1760,299
22,20241003/20241003.csv,1935,303
22,20240926/20240926.csv,789,303
22,20241002/20241002.csv,1619,305
22,20240927/20240927.csv,2881,307
22,20241005/20241005.csv,2011,309
22,20240929/20240929.csv,5204,310
23,20241012/20241012.csv,3556,40
23,20241015/20241015.csv,4374,49
23,20241023/20241023.csv,1079,54
23,20241024/20241024.csv,3514,62
23,20241025/20241025.csv,3452,66
23,20241022/20241022.csv,2175,73
23,20241014/20241014.csv,7984,86
23,20241013/20241013.csv,6319,100
23,20241031/20241031.csv,1169,105
23,20240913/20240913.csv,3,105
23,20241009/20241009.csv,443,110
23,20241007/20241007.csv,878,116
23,20241008/20241008.csv,643,120
23,20241030/20241030.csv,1869,124
23,20241029/20241029.csv,3558,128
23,20241016/20241016.csv,1072,128
23,20241011/20241011.csv,2585,135
23,20241018/20241018.csv,1777,138
23,20241027/20241027.csv,4928,140
23,20241020/20241020.csv,5054,146
23,20241021/20241021.csv,3275,148
23,20241019/20241019.csv,5226,149
23,20241026/20241026.csv,3497,152
23,20241010/20241010.csv,3223,153
23,20241028/20241028.csv,3128,156
23,20241017/20241017.csv,4137,158
25,20241012/20241012.csv,10967,78
25,20241015/20241015.csv,10679,105
25,20241023/20241023.csv,10091,126
25,20241024/20241024.csv,9584,144
25,20241025/20241025.csv,12786,162
25,20241022/20241022.csv,9939,181
25,20241014/20241014.csv,12208,191
25,20241013/20241013.csv,15872,204
25,20241031/20241031.csv,3438,206
25,20241009/20241009.csv,12187,222
25,20241008/20241008.csv,3519,228
25,20241030/20241030.csv,10689,237
25,20241029/20241029.csv,12725,245
25,20241016/20241016.csv,12002,254
25,20241011/20241011.csv,13427,259
25,20241018/20241018.csv,10666,265
25,20241027/20241027.csv,6847,268
25,20241020/20241020.csv,12124,275
25,20241021/20241021.csv,13224,283
25,20241019/20241019.csv,10851,286
25,20241026/20241026.csv,10972,291
25,20241010/20241010.csv,13290,294
25,20241028/20241028.csv,12996,300
25,20241017/20241017.csv,10866,301
26,20241023/20241023.csv,14983,139
26,20241024/20241024.csv,31389,206
26,20241022/20241022.csv,38220,260
26,20241016/20241016.csv,2,260
26,20241018/20241018.csv,40005,309
26,20241020/20241020.csv,54170,350
26,20241021/20241021.csv,47045,378
26,20241019/20241019.csv,53497,397
26,20241017/20241017.csv,24211,411
24,20241023/20241023.csv,20632,139
24,20241024/20241024.csv,25948,194
24,20241022/20241022.csv,15778,223
24,20240826/20240826.csv,1,224
24,20241016/20241016.csv,3,224
24,20241018/20241018.csv,16565,254
24,20241020/20241020.csv,24557,291
24,20241021/20241021.csv,22149,314
24,20241019/20241019.csv,15878,329
24,20241017/20241017.csv,4926,335
27,20241012/20241012.csv,8965,32
27,20240930/20240930.csv,8274,50
27,20241015/20241015.csv,10306,67
27,20241023/20241023.csv,12214,83
27,20241024/20241024.csv,7361,90
27,20241022/20241022.csv,6847,104
27,20241014/20241014.csv,11258,109
27,20241013/20241013.csv,9728,120
27,20240827/20240827.csv,1,121
27,20241009/20241009.csv,6710,128
27,20241007/20241007.csv,7481,137
27,20241006/20241006.csv,6938,147
27,20241001/20241001.csv,6222,151
27,20241008/20241008.csv,7356,157
27,20241016/20241016.csv,9388,159
27,20241011/20241011.csv,7002,159
27,20241018/20241018.csv,8016,167
27,20241020/20241020.csv,8053,172
27,20241021/20241021.csv,11759,175
27,20241019/20241019.csv,12150,183
27,20241010/20241010.csv,9084,185
27,20241017/20241017.csv,7955,188
27,20240928/20240928.csv,11276,191
27,20241004/20241004.csv,10468,192
27,20241003/20241003.csv,3709,194
27,20240926/20240926.csv,243,195
27,20241002/20241002.csv,6583,197
27,20240927/20240927.csv,4011,200
27,20241005/20241005.csv,4032,202
27,20240929/20240929.csv,2321,204
28,20241012/20241012.csv,6375,72
28,20240930/20240930.csv,2882,78
28,20241015/20241015.csv,4891,96
28,20241023/20241023.csv,3392,109
28,20241024/20241024.csv,3769,116
28,20241025/20241025.csv,3850,126
28,20241022/20241022.csv,3627,132
28,20241014/20241014.csv,6477,145
28,20241013/20241013.csv,4837,158
28,20240913/20240913.csv,11,160
28,20241009/20241009.csv,5516,167
28,20241007/20241007.csv,4593,171
28,20241006/20241006.csv,6153,183
28,20241001/20241001.csv,3232,187
28,20241008/20241008.csv,5121,191
28,20241016/20241016.csv,4679,196
28,20241011/20241011.csv,2358,199
28,20241018/20241018.csv,5685,206
28,20241027/20241027.csv,4154,208
28,20241020/20241020.csv,4745,219
28,20241021/20241021.csv,6286,224
28,20241019/20241019.csv,4527,227
28,20241026/20241026.csv,7073,235
28,20241010/20241010.csv,3540,239
28,20241028/20241028.csv,1611,241
28,20241017/20241017.csv,1441,243
28,20240928/20240928.csv,5746,249
28,20241004/20241004.csv,2678,253
28,20241003/20241003.csv,3914,255
28,20240926/20240926.csv,469,257
28,20241002/20241002.csv,4201,263
28,20240927/20240927.csv,4471,265
28,20241005/20241005.csv,4066,271
28,20240929/20240929.csv,3728,272
29,20240913/20240913.csv,113,4
29,20241001/20241001.csv,4884,73
30,20241012/20241012.csv,14081,134
30,20241015/20241015.csv,8124,173
30,20241023/20241023.csv,10694,206
30,20241024/20241024.csv,10777,230
30,20241025/20241025.csv,12060,251
30,20241022/20241022.csv,13606,268
30,20241014/20241014.csv,11413,291
30,20241013/20241013.csv,12782,304
30,20241009/20241009.csv,7688,315
30,20241007/20241007.csv,7634,325
30,20241006/20241006.csv,10001,337
30,20241001/20241001.csv,2062,345
30,20241008/20241008.csv,10505,353
30,20241016/20241016.csv,7436,357
30,20241011/20241011.csv,6734,367
30,20241018/20241018.csv,17629,384
30,20241020/20241020.csv,12959,394
30,20241021/20241021.csv,1024,395
30,20241019/20241019.csv,12794,404
30,20241010/20241010.csv,6535,411
30,20241017/20241017.csv,12391,417
30,20241004/20241004.csv,9007,422
30,20241003/20241003.csv,7305,429
30,20241002/20241002.csv,4135,433
30,20241005/20241005.csv,8057,444
31,20241012/20241012.csv,35529,211
31,20241015/20241015.csv,20486,259
31,20241023/20241023.csv,15909,295
31,20241024/20241024.csv,19810,322
31,20241025/20241025.csv,25560,350
31,20241022/20241022.csv,27304,377
31,20241014/20241014.csv,26248,399
31,20241013/20241013.csv,29706,427
31,20241009/20241009.csv,19426,437
31,20241007/20241007.csv,13137,447
31,20241006/20241006.csv,22200,464
31,20241001/20241001.csv,7268,468
31,20241008/20241008.csv,19046,477
31,20241016/20241016.csv,15575,489
31,20241011/20241011.csv,25553,504
31,20241018/20241018.csv,21511,512
31,20241027/20241027.csv,27442,527
31,20241020/20241020.csv,28064,542
31,20241021/20241021.csv,26865,547
31,20241019/20241019.csv,16501,554
31,20241026/20241026.csv,30903,569
31,20241010/20241010.csv,19507,575
31,20241028/20241028.csv,14618,579
31,20241017/20241017.csv,24284,584
31,20241004/20241004.csv,17219,590
31,20241003/20241003.csv,12835,593
31,20241002/20241002.csv,15690,601
31,20241005/20241005.csv,24825,613
32,20241012/20241012.csv,20085,103
32,20241015/20241015.csv,19064,141
32,20241023/20241023.csv,14933,172
32,20241024/20241024.csv,13084,190
32,20241025/20241025.csv,16567,202
32,20241022/20241022.csv,14319,212
32,20241014/20241014.csv,19353,227
32,20241013/20241013.csv,21109,248
32,20240913/20240913.csv,78,251
32,20241009/20241009.csv,20449,269
32,20241007/20241007.csv,16299,276
32,20241006/20241006.csv,16385,284
32,20241001/20241001.csv,3713,287
32,20241008/20241008.csv,15629,294
32,20241016/20241016.csv,13034,297
32,20241011/20241011.csv,24780,308
32,20241018/20241018.csv,14196,317
32,20241027/20241027.csv,13681,323
32,20241020/20241020.csv,16695,333
32,20241021/20241021.csv,16189,340
32,20241019/20241019.csv,13310,343
32,20241026/20241026.csv,16693,353
32,20241010/20241010.csv,8880,362
32,20241028/20241028.csv,11980,367
32,20241017/20241017.csv,13336,374
32,20241004/20241004.csv,15266,375
32,20241003/20241003.csv,15074,378
32,20241002/20241002.csv,13700,383
32,20241005/20241005.csv,15997,387
33,20241012/20241012.csv,113104,173
33,20240930/20240930.csv,9451,208
33,20241015/20241015.csv,9037,238
33,20241023/20241023.csv,55666,268
33,20241024/20241024.csv,51687,298
33,20241025/20241025.csv,70019,325
33,20241022/20241022.csv,62484,337
33,20241014/20241014.csv,87319,369
33,20241013/20241013.csv,100381,388
33,20240913/20240913.csv,101,389
33,20241009/20241009.csv,31163,415
33,20241007/20241007.csv,15685,424
33,20241006/20241006.csv,53420,442
33,20241001/20241001.csv,33607,454
33,20241008/20241008.csv,53856,468
33,20241016/20241016.csv,62211,476
33,20241011/20241011.csv,41611,489
33,20241018/20241018.csv,60079,500
33,20241027/20241027.csv,64412,516
33,20241020/20241020.csv,69154,537
33,20241021/20241021.csv,7965,541
33,20241019/20241019.csv,82353,555
33,20241026/20241026.csv,75502,565
33,20241010/20241010.csv,30604,570
33,20241028/20241028.csv,33184,575
33,20241017/20241017.csv,51667,585
33,20240928/20240928.csv,99652,597
33,20241004/20241004.csv,52279,610
33,20241003/20241003.csv,43293,621
33,20240926/20240926.csv,33716,625
33,20241002/20241002.csv,34700,635
33,20240927/20240927.csv,77079,642
33,20241005/20241005.csv,56559,648
33,20240929/20240929.csv,93032,656
34,20241012/20241012.csv,13423,199
34,20240930/20240930.csv,11106,262
34,20241015/20241015.csv,9130,314
34,20241023/20241023.csv,8089,350
34,20241024/20241024.csv,5236,366
34,20241022/20241022.csv,8814,391
34,20241014/20241014.csv,10068,415
34,20241013/20241013.csv,12821,444
34,20241009/20241009.csv,9949,464
34,20241007/20241007.csv,11970,488
34,20241006/20241006.csv,13258,507
34,20241001/20241001.csv,10445,530
34,20241008/20241008.csv,8781,547
34,20241016/20241016.csv,9590,560
34,20241011/20241011.csv,13039,571
34,20241018/20241018.csv,9950,581
34,20241020/20241020.csv,10437,590
34,20241021/20241021.csv,9853,595
34,20241019/20241019.csv,9638,601
34,20241010/20241010.csv,10884,611
34,20241017/20241017.csv,8771,620
34,20240928/20240928.csv,11683,623
34,20241004/20241004.csv,10847,630
34,20241003/20241003.csv,13274,642
34,20240926/20240926.csv,6231,644
34,20241002/20241002.csv,12632,653
34,20240927/20240927.csv,11355,657
34,20241005/20241005.csv,11384,667
34,20240929/20240929.csv,10468,670
35,20241012/20241012.csv,41479,153
35,20240930/20240930.csv,21337,196
35,20241015/20241015.csv,35682,240
35,20241023/20241023.csv,16586,262
35,20241024/20241024.csv,20625,285
35,20241022/20241022.csv,20331,312
35,20241014/20241014.csv,29720,337
35,20241013/20241013.csv,46206,362
35,20240826/20240826.csv,662,363
35,20240913/20240913.csv,6,363
35,20241009/20241009.csv,21932,384
35,20241007/20241007.csv,14545,385
35,20241006/20241006.csv,28429,405
35,20241001/20241001.csv,17640,415
35,20241008/20241008.csv,16844,422
35,20241016/20241016.csv,18856,429
35,20241011/20241011.csv,29330,441
35,20241018/20241018.csv,24221,446
35,20241020/20241020.csv,34434,456
35,20241021/20241021.csv,26616,461
35,20241019/20241019.csv,17404,464
35,20241010/20241010.csv,22576,471
35,20241017/20241017.csv,23313,478
35,20240928/20240928.csv,26165,486
35,20241004/20241004.csv,16985,499
35,20241003/20241003.csv,8879,501
35,20240926/20240926.csv,6481,502
35,20241002/20241002.csv,18307,512
35,20240927/20240927.csv,21072,513
35,20241005/20241005.csv,30290,520
35,20240929/20240929.csv,24207,529
36,20240930/20240930.csv,7366,123
36,20241007/20241007.csv,10012,190
36,20241006/20241006.csv,12129,239
36,20241001/20241001.csv,7374,255
36,20241008/20241008.csv,275,257
36,20240928/20240928.csv,12766,281
36,20241004/20241004.csv,11609,308
36,20241003/20241003.csv,8798,323
36,20240926/20240926.csv,6302,334
36,20241002/20241002.csv,8538,353
36,20240927/20240927.csv,10505,359
36,20241005/20241005.csv,14915,388
36,20240929/20240929.csv,10813,403
37,20241012/20241012.csv,23241,103
37,20240930/20240930.csv,23380,142
37,20241015/20241015.csv,24870,166
37,20241023/20241023.csv,20854,188
37,20241024/20241024.csv,20992,211
37,20241025/20241025.csv,24922,225
37,20241022/20241022.csv,25025,244
37,20241014/20241014.csv,27701,258
37,20241013/20241013.csv,22472,276
37,20240913/20240913.csv,28,277
37,20241009/20241009.csv,23058,286
37,20241007/20241007.csv,15821,297
37,20241006/20241006.csv,27136,311
37,20241001/20241001.csv,18612,317
37,20241008/20241008.csv,26527,320
37,20241030/20241030.csv,14709,328
37,20241029/20241029.csv,25107,334
37,20241016/20241016.csv,22824,336
37,20241011/20241011.csv,27711,338
37,20241018/20241018.csv,22868,343
37,20241027/20241027.csv,25178,348
37,20241020/20241020.csv,27217,357
37,20241021/20241021.csv,28728,362
37,20241019/20241019.csv,26161,366
37,20241026/20241026.csv,26555,374
37,20241010/20241010.csv,26210,379
37,20241028/20241028.csv,25551,386
37,20241017/20241017.csv,17772,393
37,20240928/20240928.csv,20354,397
37,20241004/20241004.csv,24807,409
37,20241003/20241003.csv,20687,412
37,20240926/20240926.csv,8860,413
37,20241002/20241002.csv,19971,422
37,20240927/20240927.csv,22505,426
37,20241005/20241005.csv,22149,436
37,20240929/20240929.csv,22091,440
38,20241012/20241012.csv,105662,419
38,20241015/20241015.csv,77688,552
38,20241023/20241023.csv,75683,656
38,20241024/20241024.csv,39110,714
38,20241022/20241022.csv,71060,780
38,20241014/20241014.csv,106765,860
38,20241013/20241013.csv,110866,944
38,20241009/20241009.csv,78677,1006
38,20241007/20241007.csv,83862,1062
38,20241006/20241006.csv,99281,1143
38,20241001/20241001.csv,32162,1175
38,20241008/20241008.csv,78917,1234
38,20241016/20241016.csv,75870,1290
38,20241011/20241011.csv,100713,1362
38,20241018/20241018.csv,86767,1425
38,20241020/20241020.csv,95753,1476
38,20241021/20241021.csv,79611,1530
38,20241019/20241019.csv,88188,1576
38,20241010/20241010.csv,88431,1636
38,20241017/20241017.csv,83701,1681
38,20241004/20241004.csv,88270,1757
38,20241003/20241003.csv,79818,1803
38,20241002/20241002.csv,74937,1858
38,20241005/20241005.csv,97526,1910
39,20241012/20241012.csv,2099,29
39,20240930/20240930.csv,391,32
39,20241023/20241023.csv,661,32
39,20241024/20241024.csv,558,35
39,20241025/20241025.csv,595,35
39,20241014/20241014.csv,2007,50
39,20241013/20241013.csv,2864,60
39,20241009/20241009.csv,656,61
39,20241007/20241007.csv,681,63
39,20241006/20241006.csv,1342,69
39,20241001/20241001.csv,1,69
39,20241008/20241008.csv,2,69
39,20241030/20241030.csv,487,70
39,20241029/20241029.csv,3,70
39,20241016/20241016.csv,992,72
39,20241011/20241011.csv,557,72
39,20241018/20241018.csv,322,74
39,20241027/20241027.csv,2403,78
39,20241020/20241020.csv,1324,82
39,20241021/20241021.csv,1163,82
39,20241019/20241019.csv,1003,83
39,20241026/20241026.csv,1023,85
39,20241010/20241010.csv,601,85
39,20241028/20241028.csv,513,87
39,20241017/20241017.csv,671,89
39,20241004/20241004.csv,150,89
39,20241003/20241003.csv,1116,90
39,20241002/20241002.csv,726,92
39,20241005/20241005.csv,967,93
40,20241012/20241012.csv,15001,158
40,20241015/20241015.csv,16045,203
40,20241023/20241023.csv,13487,237
40,20241024/20241024.csv,9001,255
40,20241022/20241022.csv,12568,273
40,20241014/20241014.csv,9149,295
40,20241013/20241013.csv,10774,317
40,20240827/20240827.csv,1,317
40,20241009/20241009.csv,23883,335
40,20241007/20241007.csv,9018,340
40,20241008/20241008.csv,15071,356
40,20241016/20241016.csv,19434,364
40,20241011/20241011.csv,15670,379
40,20241018/20241018.csv,18427,389
40,20241020/20241020.csv,14309,400
40,20241021/20241021.csv,10644,411
40,20241019/20241019.csv,20864,423
40,20241010/20241010.csv,20335,437
40,20241017/20241017.csv,22810,441
41,20241012/20241012.csv,52497,242
41,20241015/20241015.csv,51061,337
41,20241023/20241023.csv,47342,396
41,20241024/20241024.csv,27796,429
41,20241022/20241022.csv,45882,464
41,20241014/20241014.csv,50513,490
41,20241013/20241013.csv,64024,523
41,20241009/20241009.csv,49248,558
41,20241007/20241007.csv,23729,575
41,20241008/20241008.csv,47656,598
41,20241016/20241016.csv,48314,623
41,20241011/20241011.csv,56367,644
41,20241018/20241018.csv,48388,666
41,20241020/20241020.csv,51273,681
41,20241021/20241021.csv,46484,695
41,20241019/20241019.csv,47232,706
41,20241010/20241010.csv,48105,714
41,20241017/20241017.csv,47535,725
43,20240913/20240913.csv,1,1
43,20241009/20241009.csv,3076,40
43,20241007/20241007.csv,7292,75
43,20241008/20241008.csv,14896,111
44,20241012/20241012.csv,3908,58
44,20240930/20240930.csv,3182,71
44,20241022/20241022.csv,12057,113
44,20241013/20241013.csv,2500,128
44,20240913/20240913.csv,1,128
44,20241011/20241011.csv,29492,200
44,20241027/20241027.csv,7769,219
44,20241020/20241020.csv,3700,223
44,20241026/20241026.csv,11905,243
44,20241010/20241010.csv,9966,251
45,20241012/20241012.csv,19726,154
45,20240930/20240930.csv,15034,168
45,20241015/20241015.csv,23774,207
45,20241023/20241023.csv,19331,234
45,20241024/20241024.csv,639,235
45,20241022/20241022.csv,20952,261
45,20241014/20241014.csv,22369,283
45,20241013/20241013.csv,18536,309
45,20240913/20240913.csv,1,309
45,20241009/20241009.csv,41098,319
45,20241007/20241007.csv,43415,336
45,20241006/20241006.csv,45843,361
45,20241001/20241001.csv,40128,371
45,20241008/20241008.csv,42352,386
45,20241016/20241016.csv,18333,392
45,20241011/20241011.csv,6504,397
45,20241018/20241018.csv,21918,407
45,20241020/20241020.csv,23610,418
45,20241021/20241021.csv,20497,432
45,20241019/20241019.csv,26850,442
45,20241010/20241010.csv,37896,453
45,20241017/20241017.csv,25894,454
45,20241004/20241004.csv,43074,458
45,20241003/20241003.csv,36720,467
45,20241002/20241002.csv,33836,475
45,20241005/20241005.csv,44577,481
46,20241012/20241012.csv,2511,38
46,20241022/20241022.csv,5847,70
46,20241013/20241013.csv,879,79
46,20241016/20241016.csv,24292,149
46,20241011/20241011.csv,6795,164
46,20241027/20241027.csv,2707,176
46,20241020/20241020.csv,1065,179
46,20241026/20241026.csv,6738,194
46,20241017/20241017.csv,5300,198
47,20241012/20241012.csv,8002,79
47,20241015/20241015.csv,5210,112
47,20241023/20241023.csv,5170,129
47,20241024/20241024.csv,5340,148
47,20241025/20241025.csv,4694,154
47,20241022/20241022.csv,1628,169
47,20241014/20241014.csv,8673,181
47,20241013/20241013.csv,13298,204
47,20241009/20241009.csv,4931,213
47,20241007/20241007.csv,2757,218
47,20241006/20241006.csv,7335,223
47,20241008/20241008.csv,1071,225
47,20241029/20241029.csv,1928,228
47,20241016/20241016.csv,3247,229
47,20241011/20241011.csv,4564,237
47,20241018/20241018.csv,5215,242
47,20241027/20241027.csv,7321,249
47,20241020/20241020.csv,8922,260
47,20241021/20241021.csv,5337,263
47,20241019/20241019.csv,6070,269
47,20241026/20241026.csv,6973,273
47,20241010/20241010.csv,4696,278
47,20241028/20241028.csv,4615,282
47,20241017/20241017.csv,5791,286
47,20241004/20241004.csv,4019,291
47,20241003/20241003.csv,2495,291
47,20241002/20241002.csv,17,291
47,20241005/20241005.csv,5976,303
48,20241012/20241012.csv,4211,43
48,20241015/20241015.csv,1445,52
48,20241023/20241023.csv,2048,61
48,20241024/20241024.csv,2146,71
48,20241025/20241025.csv,2850,84
48,20241022/20241022.csv,4376,90
48,20241014/20241014.csv,5087,102
48,20241013/20241013.csv,8110,114
48,20241009/20241009.csv,4018,119
48,20241007/20241007.csv,1547,123
48,20241006/20241006.csv,4681,130
48,20241008/20241008.csv,4610,134
48,20241029/20241029.csv,1619,136
48,20241016/20241016.csv,3580,137
48,20241011/20241011.csv,2991,144
48,20241018/20241018.csv,2541,144
48,20241027/20241027.csv,3472,152
48,20241020/20241020.csv,5566,157
48,20241021/20241021.csv,3860,158
48,20241019/20241019.csv,2921,161
48,20241026/20241026.csv,3359,163
48,20241010/20241010.csv,1979,168
48,20241028/20241028.csv,1941,169
48,20241017/20241017.csv,2030,171
48,20241004/20241004.csv,2427,175
48,20241003/20241003.csv,1339,176
48,20241002/20241002.csv,1,176
48,20241005/20241005.csv,3940,183
49,20241012/20241012.csv,4762,55
49,20241015/20241015.csv,6788,101
49,20241023/20241023.csv,6264,127
49,20241024/20241024.csv,7271,146
49,20241025/20241025.csv,6526,168
49,20241022/20241022.csv,4748,176
49,20241014/20241014.csv,10895,191
49,20241013/20241013.csv,14672,202
49,20241007/20241007.csv,3550,204
49,20241006/20241006.csv,1424,204
49,20241008/20241008.csv,5247,212
49,20241029/20241029.csv,4182,217
49,20241016/20241016.csv,5983,220
49,20241011/20241011.csv,4829,232
49,20241018/20241018.csv,4997,239
49,20241027/20241027.csv,8610,247
49,20241020/20241020.csv,13815,258
49,20241021/20241021.csv,5573,261
49,20241019/20241019.csv,6456,265
49,20241026/20241026.csv,5687,271
49,20241010/20241010.csv,4674,277
49,20241028/20241028.csv,6573,281
49,20241017/20241017.csv,4783,284
49,20241004/20241004.csv,3875,287
49,20241002/20241002.csv,6,287
49,20241005/20241005.csv,10728,289
50,20241012/20241012.csv,7681,52
50,20241015/20241015.csv,5659,62
50,20241023/20241023.csv,4527,70
50,20241024/20241024.csv,3676,75
50,20241025/20241025.csv,4677,87
50,20241022/20241022.csv,5239,92
50,20241014/20241014.csv,9567,108
50,20241013/20241013.csv,8719,118
50,20241009/20241009.csv,6084,124
50,20241007/20241007.csv,3878,130
50,20241006/20241006.csv,5505,133
50,20241008/20241008.csv,3951,137
50,20241029/20241029.csv,1670,138
50,20241016/20241016.csv,7235,141
50,20241011/20241011.csv,4486,145
50,20241018/20241018.csv,4639,147
50,20241027/20241027.csv,7103,154
50,20241020/20241020.csv,7392,162
50,20241021/20241021.csv,4477,166
50,20241019/20241019.csv,6130,173
50,20241026/20241026.csv,6391,176
50,20241010/20241010.csv,4857,180
50,20241028/20241028.csv,4614,183
50,20241017/20241017.csv,3920,185
50,20241004/20241004.csv,2788,188
50,20241002/20241002.csv,11,188
50,20241005/20241005.csv,6312,191
51,20241012/20241012.csv,46104,112
51,20241015/20241015.csv,39625,154
51,20241023/20241023.csv,39817,174
51,20241024/20241024.csv,40545,190
51,20241025/20241025.csv,44042,209
51,20241022/20241022.csv,33198,222
51,20241014/20241014.csv,42851,241
51,20241013/20241013.csv,57257,261
51,20240913/20240913.csv,1,261
51,20241009/20241009.csv,36917,272
51,20241007/20241007.csv,38871,285
51,20241006/20241006.csv,39905,300
51,20241008/20241008.csv,31896,305
51,20241029/20241029.csv,20747,310
51,20241016/20241016.csv,39061,318
51,20241011/20241011.csv,41672,325
51,20241018/20241018.csv,38612,329
51,20241027/20241027.csv,50742,335
51,20241020/20241020.csv,43702,346
51,20241021/20241021.csv,40497,348
51,20241019/20241019.csv,46072,352
51,20241026/20241026.csv,41395,361
51,20241010/20241010.csv,30992,362
51,20241028/20241028.csv,43478,368
51,20241017/20241017.csv,35897,371
51,20241004/20241004.csv,44397,375
51,20241003/20241003.csv,28293,379
51,20241002/20241002.csv,20,379
51,20241005/20241005.csv,37688,394
52,20241012/20241012.csv,59172,140
52,20240930/20240930.csv,12968,158
52,20241015/20241015.csv,35110,177
52,20241023/20241023.csv,34987,199
52,20241024/20241024.csv,44829,222
52,20241025/20241025.csv,51312,236
52,20241022/20241022.csv,38993,259
52,20241014/20241014.csv,59932,282
52,20241013/20241013.csv,69607,306
52,20241009/20241009.csv,30557,313
52,20241007/20241007.csv,32056,318
52,20241006/20241006.csv,57352,331
52,20241001/20241001.csv,30635,334
52,20241008/20241008.csv,37598,343
52,20241029/20241029.csv,20469,347
52,20241016/20241016.csv,33574,356
52,20241011/20241011.csv,42561,364
52,20241018/20241018.csv,39261,370
52,20241027/20241027.csv,49951,375
52,20241020/20241020.csv,55327,386
52,20241021/20241021.csv,42764,391
52,20241019/20241019.csv,46767,399
52,20241026/20241026.csv,50673,410
52,20241010/20241010.csv,35813,416
52,20241028/20241028.csv,43330,421
52,20241017/20241017.csv,40603,427
52,20241004/20241004.csv,43847,428
52,20241003/20241003.csv,47612,430
52,20241002/20241002.csv,32989,432
52,20241005/20241005.csv,48397,434
53,20241012/20241012.csv,25857,129
53,20240930/20240930.csv,4342,139
53,20241015/20241015.csv,12705,173
53,20241023/20241023.csv,11962,197
53,20241024/20241024.csv,12249,213
53,20241025/20241025.csv,14700,231
53,20241022/20241022.csv,14038,241
53,20241014/20241014.csv,28261,261
53,20241013/20241013.csv,32220,287
53,20241009/20241009.csv,16158,300
53,20241007/20241007.csv,11274,309
53,20241006/20241006.csv,22050,321
53,20241001/20241001.csv,10123,329
53,20241008/20241008.csv,13802,335
53,20241029/20241029.csv,6112,339
53,20241016/20241016.csv,14167,344
53,20241011/20241011.csv,15209,350
53,20241018/20241018.csv,14420,353
53,20241027/20241027.csv,24242,364
53,20241020/20241020.csv,24462,368
53,20241021/20241021.csv,12016,373
53,20241019/20241019.csv,19405,382
53,20241026/20241026.csv,23214,386
53,20241010/20241010.csv,11633,389
53,20241028/20241028.csv,11232,393
53,20241017/20241017.csv,13210,398
53,20241004/20241004.csv,14731,405
53,20241003/20241003.csv,10760,406
53,20241002/20241002.csv,10919,408
53,20241005/20241005.csv,18126,416
54,20241012/20241012.csv,70140,142
54,20240930/20240930.csv,14919,160
54,20241015/20241015.csv,29146,174
54,20241023/20241023.csv,15996,186
54,20241024/20241024.csv,11204,203
54,20241022/20241022.csv,25309,216
54,20241014/20241014.csv,63339,239
54,20241013/20241013.csv,101855,260
54,20240827/20240827.csv,1,260
54,20241009/20241009.csv,21023,264
54,20240925/20240925.csv,12300,268
54,20241007/20241007.csv,11577,269
54,20241006/20241006.csv,29140,281
54,20241001/20241001.csv,16343,287
54,20240924/20240924.csv,5476,287
54,20241008/20241008.csv,17880,292
54,20241016/20241016.csv,25903,296
54,20241011/20241011.csv,24448,301
54,20241018/20241018.csv,18971,312
54,20241020/20241020.csv,62818,324
54,20241021/20241021.csv,25682,328
54,20241019/20241019.csv,35686,331
54,20241010/20241010.csv,17156,332
54,20241017/20241017.csv,21701,334
54,20240928/20240928.csv,47834,339
54,20241004/20241004.csv,10567,340
54,20241003/20241003.csv,10534,342
54,20240926/20240926.csv,16021,345
54,20241002/20241002.csv,11603,346
54,20240927/20240927.csv,18323,347
54,20241005/20241005.csv,32262,353
54,20240929/20240929.csv,40721,356
55,20241012/20241012.csv,11553,50
55,20240930/20240930.csv,2410,59
55,20241015/20241015.csv,2527,70
55,20241023/20241023.csv,2157,79
55,20241024/20241024.csv,1627,83
55,20241022/20241022.csv,2618,91
55,20241014/20241014.csv,10419,102
55,20241013/20241013.csv,16720,116
55,20240913/20240913.csv,5,117
55,20241009/20241009.csv,2344,118
55,20240925/20240925.csv,3208,122
55,20241007/20241007.csv,2188,125
55,20241006/20241006.csv,11382,135
55,20241001/20241001.csv,2257,135
55,20240924/20240924.csv,588,138
55,20241008/20241008.csv,1482,143
55,20241016/20241016.csv,2300,144
55,20241011/20241011.csv,3421,147
55,20241018/20241018.csv,3543,150
55,20241020/20241020.csv,7938,157
55,20241021/20241021.csv,2868,159
55,20241019/20241019.csv,4597,164
55,20241010/20241010.csv,2651,167
55,20241017/20241017.csv,3838,169
55,20240928/20240928.csv,7645,177
55,20241004/20241004.csv,1420,177
55,20241003/20241003.csv,1546,177
55,20240926/20240926.csv,2430,181
55,20241002/20241002.csv,1178,182
55,20240927/20240927.csv,3645,186
55,20241005/20241005.csv,8626,190
55,20240929/20240929.csv,6235,195
56,20241012/20241012.csv,96766,217
56,20240930/20240930.csv,43107,252
56,20241015/20241015.csv,55242,275
56,20241023/20241023.csv,3766,278
56,20241024/20241024.csv,26182,296
56,20241022/20241022.csv,38691,311
56,20241014/20241014.csv,86104,347
56,20241013/20241013.csv,118186,392
56,20240913/20240913.csv,1,392
56,20241009/20241009.csv,1609,394
56,20240925/20240925.csv,4486,394
56,20241007/20241007.csv,57669,414
56,20241006/20241006.csv,77686,438
56,20241001/20241001.csv,24497,443
56,20240924/20240924.csv,17222,448
56,20241008/20241008.csv,39193,452
56,20241016/20241016.csv,42684,459
56,20241011/20241011.csv,58429,477
56,20241018/20241018.csv,45676,486
56,20241020/20241020.csv,72637,502
56,20241021/20241021.csv,58790,512
56,20241019/20241019.csv,89953,530
56,20241010/20241010.csv,41687,537
56,20241017/20241017.csv,38143,546
56,20240928/20240928.csv,81701,557
56,20241004/20241004.csv,52532,567
56,20241003/20241003.csv,35025,573
56,20240926/20240926.csv,46523,580
56,20241002/20241002.csv,28419,593
56,20240927/20240927.csv,54407,601
56,20241005/20241005.csv,67024,609
56,20240929/20240929.csv,77627,626
57,20241012/20241012.csv,3309,52
57,20240930/20240930.csv,1192,59
57,20241015/20241015.csv,1703,77
57,20241023/20241023.csv,1402,81
57,20241024/20241024.csv,675,83
57,20241022/20241022.csv,1195,92
57,20241014/20241014.csv,3334,111
57,20241013/20241013.csv,5095,124
57,20241009/20241009.csv,1197,124
57,20240925/20240925.csv,1395,128
57,20241007/20241007.csv,967,132
57,20241006/20241006.csv,2848,137
57,20241001/20241001.csv,1107,141
57,20240924/20240924.csv,181,141
57,20241008/20241008.csv,803,142
57,20241016/20241016.csv,943,144
57,20241011/20241011.csv,1517,147
57,20241018/20241018.csv,1310,155
57,20241020/20241020.csv,2661,162
57,20241021/20241021.csv,1477,166
57,20241019/20241019.csv,1571,167
57,20241010/20241010.csv,1090,172
57,20241017/20241017.csv,1375,175
57,20240928/20240928.csv,3976,178
57,20241004/20241004.csv,960,185
57,20241003/20241003.csv,930,186
57,20240926/20240926.csv,1271,190
57,20241002/20241002.csv,977,191
57,20240927/20240927.csv,2269,197
57,20241005/20241005.csv,2305,200
57,20240929/20240929.csv,3366,201
58,20241012/20241012.csv,9831,87
58,20240930/20240930.csv,2940,109
58,20241015/20241015.csv,4861,125
58,20241023/20241023.csv,5832,135
58,20241024/20241024.csv,1805,137
58,20241022/20241022.csv,5481,152
58,20241014/20241014.csv,8819,168
58,20241013/20241013.csv,11696,191
58,20241009/20241009.csv,3924,197
58,20240925/20240925.csv,5787,206
58,20241007/20241007.csv,4248,210
58,20241006/20241006.csv,6754,214
58,20241001/20241001.csv,4314,222
58,20240924/20240924.csv,1199,222
58,20241008/20241008.csv,3866,224
58,20241016/20241016.csv,3405,229
58,20241011/20241011.csv,4287,234
58,20241018/20241018.csv,4928,239
58,20241020/20241020.csv,7553,248
58,20241021/20241021.csv,8155,252
58,20241019/20241019.csv,8403,258
58,20241010/20241010.csv,3880,259
58,20241017/20241017.csv,5921,265
58,20240928/20240928.csv,9932,273
58,20241004/20241004.csv,3306,273
58,20241003/20241003.csv,3181,274
58,20240926/20240926.csv,6215,275
58,20241002/20241002.csv,3736,284
58,20240927/20240927.csv,6059,287
58,20241005/20241005.csv,6440,297
58,20240929/20240929.csv,7898,300
59,20241012/20241012.csv,15095,91
59,20240930/20240930.csv,1926,97
59,20241015/20241015.csv,3768,109
59,20241023/20241023.csv,3247,115
59,20241024/20241024.csv,2274,119
59,20241022/20241022.csv,3312,130
59,20241014/20241014.csv,7306,142
59,20241013/20241013.csv,13073,170
59,20241009/20241009.csv,2859,174
59,20241007/20241007.csv,1783,176
59,20241006/20241006.csv,4865,184
59,20241001/20241001.csv,1707,187
59,20241008/20241008.csv,2005,190
59,20241016/20241016.csv,3477,191
59,20241011/20241011.csv,3297,196
59,20241018/20241018.csv,3740,199
59,20241020/20241020.csv,5172,203
59,20241021/20241021.csv,3706,208
59,20241019/20241019.csv,4018,212
59,20241010/20241010.csv,3770,217
59,20241017/20241017.csv,3544,218
59,20240928/20240928.csv,5380,223
59,20241004/20241004.csv,2064,225
59,20241003/20241003.csv,1470,227
59,20240926/20240926.csv,999,229
59,20241002/20241002.csv,2062,229
59,20240927/20240927.csv,2900,231
59,20241005/20241005.csv,3817,237
59,20240929/20240929.csv,4662,239
60,20240926/20240926.csv,9821,67
60,20240927/20240927.csv,1192,67
61,20240930/20240930.csv,13901,70
61,20241009/20241009.csv,13004,86
61,20241007/20241007.csv,13506,99
61,20241006/20241006.csv,17009,122
61,20241001/20241001.csv,12699,136
61,20241008/20241008.csv,12796,146
61,20241011/20241011.csv,3702,148
61,20241010/20241010.csv,13114,158
61,20240928/20240928.csv,16435,174
61,20241004/20241004.csv,14172,180
61,20241003/20241003.csv,13310,186
61,20240926/20240926.csv,4287,190
61,20241002/20241002.csv,13739,196
61,20240927/20240927.csv,15397,207
61,20241005/20241005.csv,19610,223
61,20240929/20240929.csv,15897,230
62,20241012/20241012.csv,32232,106
62,20240930/20240930.csv,13238,119
62,20241015/20241015.csv,12744,133
62,20241023/20241023.csv,7296,140
62,20241024/20241024.csv,14856,150
62,20241025/20241025.csv,14259,158
62,20241022/20241022.csv,9832,166
62,20241014/20241014.csv,35347,190
62,20241013/20241013.csv,46674,215
62,20240827/20240827.csv,1,216
62,20240913/20240913.csv,5,217
62,20241009/20241009.csv,13603,223
62,20241007/20241007.csv,6676,228
62,20241006/20241006.csv,24439,241
62,20241001/20241001.csv,12574,243
62,20241008/20241008.csv,1841,245
62,20241016/20241016.csv,6423,251
62,20241011/20241011.csv,15488,254
62,20241018/20241018.csv,14153,262
62,20241027/20241027.csv,22762,266
62,20241020/20241020.csv,24695,278
62,20241021/20241021.csv,15629,282
62,20241019/20241019.csv,12048,288
62,20241026/20241026.csv,22063,290
62,20241010/20241010.csv,13415,297
62,20241017/20241017.csv,14196,300
62,20240928/20240928.csv,20586,306
62,20241004/20241004.csv,7433,306
62,20241003/20241003.csv,6868,308
62,20240926/20240926.csv,4604,310
62,20241002/20241002.csv,8556,313
62,20240927/20240927.csv,15058,320
62,20241005/20241005.csv,21215,325
62,20240929/20240929.csv,23956,330
63,20241012/20241012.csv,16661,85
63,20240930/20240930.csv,11883,99
63,20241015/20241015.csv,3178,106
63,20241023/20241023.csv,3963,121
63,20241024/20241024.csv,2044,126
63,20241025/20241025.csv,5371,137
63,20241022/20241022.csv,4466,143
63,20241014/20241014.csv,18281,163
63,20241013/20241013.csv,23470,179
63,20240827/20240827.csv,1,179
63,20241009/20241009.csv,12489,187
63,20241007/20241007.csv,8964,187
63,20241006/20241006.csv,14205,194
63,20241001/20241001.csv,9846,199
63,20241008/20241008.csv,3408,203
63,20241030/20241030.csv,8736,207
63,20241029/20241029.csv,11416,213
63,20241016/20241016.csv,4403,215
63,20241011/20241011.csv,5433,219
63,20241018/20241018.csv,5853,222
63,20241027/20241027.csv,5594,229
63,20241020/20241020.csv,7488,234
63,20241021/20241021.csv,6719,237
63,20241019/20241019.csv,2511,238
63,20241026/20241026.csv,9286,247
63,20241010/20241010.csv,17410,249
63,20241028/20241028.csv,4472,254
63,20241017/20241017.csv,4901,256
63,20240928/20240928.csv,13609,261
63,20241004/20241004.csv,9773,262
63,20241003/20241003.csv,8426,263
63,20240926/20240926.csv,5254,267
63,20241002/20241002.csv,10066,272
63,20240927/20240927.csv,10610,273
63,20241005/20241005.csv,14460,277
63,20240929/20240929.csv,7152,284
64,20241023/20241023.csv,24938,152
64,20241024/20241024.csv,18353,207
64,20241022/20241022.csv,9447,227
64,20241009/20241009.csv,18302,250
64,20241006/20241006.csv,1571,253
64,20241008/20241008.csv,14862,269
64,20241018/20241018.csv,6708,276
64,20241020/20241020.csv,19829,299
64,20241021/20241021.csv,18523,314
64,20241019/20241019.csv,1156,315
64,20241010/20241010.csv,2823,315
64,20240928/20240928.csv,450,315
64,20241004/20241004.csv,5455,321
64,20240926/20240926.csv,15813,330
64,20240927/20240927.csv,19432,345
64,20241005/20241005.csv,6070,348
65,20241023/20241023.csv,15817,146
65,20241024/20241024.csv,13216,205
65,20241025/20241025.csv,13592,239
65,20241022/20241022.csv,12664,257
65,20241016/20241016.csv,2,257
65,20241018/20241018.csv,16479,295
65,20241020/20241020.csv,26427,344
65,20241021/20241021.csv,16196,364
65,20241019/20241019.csv,21672,384
65,20241017/20241017.csv,1093,385
66,20240827/20240827.csv,1,1
66,20240913/20240913.csv,1,1
66,20240926/20240926.csv,171,8
67,20241012/20241012.csv,86337,170
67,20241015/20241015.csv,36438,210
67,20241014/20241014.csv,72029,260
67,20241013/20241013.csv,91329,281
67,20241016/20241016.csv,30685,298
67,20241011/20241011.csv,22700,308
67,20241018/20241018.csv,44986,326
67,20241020/20241020.csv,50113,339
67,20241019/20241019.csv,62119,353
67,20241017/20241017.csv,30141,362
68,20241012/20241012.csv,77029,173
68,20241015/20241015.csv,41942,211
68,20241023/20241023.csv,32299,250
68,20241024/20241024.csv,33314,266
68,20241025/20241025.csv,38297,289
68,20241022/20241022.csv,35159,301
68,20241014/20241014.csv,79137,328
68,20241013/20241013.csv,95219,358
68,20240826/20240826.csv,683,359
68,20240913/20240913.csv,3,359
68,20241016/20241016.csv,34141,369
68,20241011/20241011.csv,25295,372
68,20241018/20241018.csv,45927,389
68,20241027/20241027.csv,26776,396
68,20241020/20241020.csv,66989,416
68,20241021/20241021.csv,47752,426
68,20241019/20241019.csv,58087,439
68,20241026/20241026.csv,79735,451
68,20241017/20241017.csv,35556,458
70,20241012/20241012.csv,34155,122
70,20240930/20240930.csv,18877,152
70,20241015/20241015.csv,18582,177
70,20241023/20241023.csv,15779,195
70,20241024/20241024.csv,16855,204
70,20241025/20241025.csv,15885,218
70,20241022/20241022.csv,18982,232
70,20241014/20241014.csv,35227,252
70,20241013/20241013.csv,42330,270
70,20240827/20240827.csv,1,270
70,20240913/20240913.csv,7,270
70,20241009/20241009.csv,9563,285
70,20241007/20241007.csv,18828,297
70,20241006/20241006.csv,39224,310
70,20241001/20241001.csv,19070,316
70,20241008/20241008.csv,18767,319
70,20241016/20241016.csv,18199,322
70,20241011/20241011.csv,21954,334
70,20241018/20241018.csv,16447,343
70,20241020/20241020.csv,31541,354
70,20241021/20241021.csv,18145,357
70,20241019/20241019.csv,20165,361
70,20241010/20241010.csv,24156,366
70,20241017/20241017.csv,14398,368
70,20240928/20240928.csv,30967,376
70,20241004/20241004.csv,18705,379
70,20241003/20241003.csv,16697,383
70,20240926/20240926.csv,17,384
70,20241002/20241002.csv,20001,387
70,20240927/20240927.csv,7118,388
70,20241005/20241005.csv,37242,398
70,20240929/20240929.csv,32882,404
71,20241012/20241012.csv,22314,74
71,20240930/20240930.csv,6444,90
71,20241015/20241015.csv,1937,90
71,20241023/20241023.csv,4146,99
71,20241024/20241024.csv,5451,102
71,20241025/20241025.csv,8129,110
71,20241022/20241022.csv,2199,111
71,20241014/20241014.csv,17317,131
71,20241013/20241013.csv,29129,160
71,20241009/20241009.csv,8997,163
71,20241007/20241007.csv,5441,165
71,20241006/20241006.csv,14564,171
71,20241001/20241001.csv,2198,171
71,20241008/20241008.csv,1370,172
71,20241016/20241016.csv,7232,176
71,20241011/20241011.csv,8265,182
71,20241018/20241018.csv,7622,185
71,20241020/20241020.csv,18297,198
71,20241021/20241021.csv,10075,204
71,20241019/20241019.csv,10627,206
71,20241010/20241010.csv,6369,211
71,20241017/20241017.csv,6380,212
71,20240928/20240928.csv,13950,219
71,20241004/20241004.csv,6558,220
71,20241003/20241003.csv,4802,221
71,20240926/20240926.csv,7484,224
71,20241002/20241002.csv,5512,225
71,20240927/20240927.csv,8461,226
71,20241005/20241005.csv,16605,235
71,20240929/20240929.csv,12613,246
72,20241012/20241012.csv,28854,152
72,20241015/20241015.csv,18473,189
72,20241014/20241014.csv,12834,210
72,20241013/20241013.csv,28556,252
72,20241009/20241009.csv,14576,263
72,20241008/20241008.csv,8,263
72,20241016/20241016.csv,15576,287
72,20241011/20241011.csv,26675,314
72,20241018/20241018.csv,19048,325
72,20241019/20241019.csv,2364,326
72,20241010/20241010.csv,17276,341
72,20241017/20241017.csv,16431,351
73,20241012/20241012.csv,20883,77
73,20240930/20240930.csv,8984,87
73,20241014/20241014.csv,20057,111
73,20241013/20241013.csv,26366,153
73,20240913/20240913.csv,73,156
73,20241009/20241009.csv,747,157
73,20241007/20241007.csv,8916,164
73,20241006/20241006.csv,19422,177
73,20241001/20241001.csv,5613,181
73,20241008/20241008.csv,7577,186
73,20241011/20241011.csv,8930,192
73,20241010/20241010.csv,6145,196
73,20240910/20240910.csv,42,196
73,20240928/20240928.csv,13234,209
73,20241004/20241004.csv,6426,213
73,20241003/20241003.csv,5127,215
73,20240926/20240926.csv,168,215
73,20241002/20241002.csv,1234,215
73,20240927/20240927.csv,7406,219
73,20241005/20241005.csv,18790,222
73,20240929/20240929.csv,14647,230
74,20241012/20241012.csv,33945,119
74,20240930/20240930.csv,17458,146
74,20241015/20241015.csv,20610,164
74,20241023/20241023.csv,16590,173
74,20241024/20241024.csv,14810,177
74,20241025/20241025.csv,16550,188
74,20241022/20241022.csv,18711,199
74,20241014/20241014.csv,51714,227
74,20241013/20241013.csv,56380,236
74,20241007/20241007.csv,17112,246
74,20241006/20241006.csv,40968,255
74,20241001/20241001.csv,15226,262
74,20241008/20241008.csv,16223,267
74,20241016/20241016.csv,24126,273
74,20241011/20241011.csv,22069,277
74,20241018/20241018.csv,14827,284
74,20241027/20241027.csv,41725,302
74,20241020/20241020.csv,38721,310
74,20241021/20241021.csv,20418,315
74,20241019/20241019.csv,30777,322
74,20241026/20241026.csv,36226,329
74,20241010/20241010.csv,18951,333
74,20241028/20241028.csv,18975,337
74,20241017/20241017.csv,15215,341
74,20240928/20240928.csv,35415,349
74,20241004/20241004.csv,17889,353
74,20241003/20241003.csv,14259,353
74,20240926/20240926.csv,132,353
74,20240927/20240927.csv,17661,358
74,20241005/20241005.csv,34764,360
74,20240929/20240929.csv,36914,369
75,20241012/20241012.csv,35160,89
75,20240930/20240930.csv,16168,116
75,20241015/20241015.csv,14090,134
75,20241023/20241023.csv,15014,147
75,20241024/20241024.csv,6785,154
75,20241025/20241025.csv,20082,158
75,20241022/20241022.csv,13990,176
75,20241014/20241014.csv,39797,194
75,20241013/20241013.csv,55929,221
75,20240913/20240913.csv,232,222
75,20241009/20241009.csv,14780,225
75,20241007/20241007.csv,14477,228
75,20241006/20241006.csv,36945,243
75,20241001/20241001.csv,13730,244
75,20241008/20241008.csv,9669,247
75,20241030/20241030.csv,2160,247
75,20241029/20241029.csv,8400,255
75,20241016/20241016.csv,19986,257
75,20241011/20241011.csv,18039,266
75,20241018/20241018.csv,10475,268
75,20241027/20241027.csv,36211,273
75,20241020/20241020.csv,34169,277
75,20241021/20241021.csv,10898,280
75,20241019/20241019.csv,22956,285
75,20241026/20241026.csv,45357,297
75,20241010/20241010.csv,4445,300
75,20241028/20241028.csv,9398,301
75,20241017/20241017.csv,7226,301
75,20240928/20240928.csv,24873,304
75,20241004/20241004.csv,12032,305
75,20241003/20241003.csv,1734,307
75,20240926/20240926.csv,212,307
75,20241002/20241002.csv,14845,308
75,20240927/20240927.csv,11355,309
75,20241005/20241005.csv,35861,314
75,20240929/20240929.csv,28396,320
76,20241012/20241012.csv,12048,78
76,20241015/20241015.csv,3732,92
76,20241023/20241023.csv,2006,97
76,20241024/20241024.csv,4032,106
76,20241025/20241025.csv,4300,112
76,20241022/20241022.csv,3477,118
76,20241014/20241014.csv,13307,140
76,20241013/20241013.csv,19844,168
76,20241009/20241009.csv,3318,171
76,20241008/20241008.csv,2,171
76,20241030/20241030.csv,969,172
76,20241029/20241029.csv,1673,176
76,20241016/20241016.csv,2453,177
76,20241011/20241011.csv,3531,183
76,20241018/20241018.csv,2899,184
76,20241027/20241027.csv,4230,192
76,20241020/20241020.csv,9274,199
76,20241021/20241021.csv,3640,205
76,20241019/20241019.csv,3819,210
76,20241026/20241026.csv,4254,216
76,20241010/20241010.csv,3012,217
76,20241028/20241028.csv,2333,218
76,20241017/20241017.csv,3003,219
77,20241012/20241012.csv,7251,77
77,20240930/20240930.csv,5834,103
77,20241015/20241015.csv,4087,117
77,20241023/20241023.csv,3083,130
77,20241024/20241024.csv,3295,142
77,20241025/20241025.csv,3796,153
77,20241022/20241022.csv,3549,158
77,20241014/20241014.csv,4253,167
77,20241013/20241013.csv,5234,177
77,20241009/20241009.csv,5877,182
77,20241007/20241007.csv,6104,190
77,20241006/20241006.csv,4910,192
77,20241001/20241001.csv,4981,202
77,20241008/20241008.csv,4975,203
77,20241030/20241030.csv,1364,203
77,20241029/20241029.csv,3513,203
77,20241016/20241016.csv,4390,207
77,20241011/20241011.csv,7574,217
77,20241018/20241018.csv,4050,222
77,20241027/20241027.csv,2793,227
77,20241020/20241020.csv,3888,230
77,20241021/20241021.csv,3942,233
77,20241019/20241019.csv,3765,236
77,20241026/20241026.csv,3960,243
77,20241010/20241010.csv,7086,244
77,20241028/20241028.csv,2786,247
77,20241017/20241017.csv,3262,250
77,20240928/20240928.csv,5988,253
77,20241004/20241004.csv,5805,259
77,20241003/20241003.csv,4393,259
77,20240926/20240926.csv,379,260
77,20241002/20241002.csv,4490,263
77,20240927/20240927.csv,4193,264
77,20241005/20241005.csv,6971,270
77,20240929/20240929.csv,5523,272
78,20241012/20241012.csv,25085,91
78,20240930/20240930.csv,13187,105
78,20241015/20241015.csv,7816,114
78,20241023/20241023.csv,11206,122
78,20241024/20241024.csv,13250,135
78,20241025/20241025.csv,8971,144
78,20241022/20241022.csv,11991,154
78,20241014/20241014.csv,27925,174
78,20241013/20241013.csv,38102,198
78,20240828/20240828.csv,1,198
78,20241009/20241009.csv,6159,202
78,20241007/20241007.csv,8094,204
78,20241006/20241006.csv,24566,216
78,20241001/20241001.csv,7398,219
78,20241008/20241008.csv,8320,223
78,20241030/20241030.csv,4810,223
78,20241029/20241029.csv,6759,224
78,20241016/20241016.csv,4902,227
78,20241011/20241011.csv,10080,232
78,20241018/20241018.csv,8474,234
78,20241027/20241027.csv,23916,241
78,20241020/20241020.csv,18402,245
78,20241021/20241021.csv,7110,247
78,20241019/20241019.csv,9214,252
78,20241026/20241026.csv,20590,257
78,20241010/20241010.csv,6154,262
78,20241028/20241028.csv,8725,265
78,20241017/20241017.csv,7442,265
78,20240928/20240928.csv,13972,272
78,20241004/20241004.csv,8727,272
78,20241003/20241003.csv,7521,276
78,20240926/20240926.csv,19,276
78,20241002/20241002.csv,8578,279
78,20240927/20240927.csv,2859,279
78,20241005/20241005.csv,24103,283
78,20240929/20240929.csv,16136,285
