dt,spend,userid
2024-09-13T13:31:55+09:00,00:00:16,62
2024-09-24T14:40:08+09:00,02:14:01,3524
2024-09-24T14:42:18+09:00,00:00:00,2345
2024-09-24T14:42:50+09:00,00:15:40,731
2024-09-24T14:43:04+09:00,00:01:54,2870
2024-09-24T14:57:47+09:00,00:00:31,2070
2024-09-24T15:00:31+09:00,00:23:49,385
2024-09-24T15:03:29+09:00,00:01:00,14
2024-09-24T15:12:07+09:00,00:00:00,437
2024-09-24T15:12:13+09:00,00:00:00,3238
2024-09-24T15:32:56+09:00,00:01:42,1071
2024-09-24T15:36:26+09:00,00:30:18,2345
2024-09-24T15:42:23+09:00,00:00:09,3238
2024-09-24T15:44:31+09:00,00:00:00,14
2024-09-24T15:54:11+09:00,00:01:10,2611
2024-09-24T16:15:01+09:00,00:00:00,3639
2024-09-24T16:20:07+09:00,00:01:02,1071
2024-09-24T16:26:48+09:00,00:10:56,2611
2024-09-24T16:27:31+09:00,00:05:32,3637
2024-09-24T16:39:12+09:00,00:00:00,1897
2024-09-24T17:13:28+09:00,00:00:31,3040
2024-09-25T08:00:17+09:00,00:27:33,2345
2024-09-25T08:04:42+09:00,01:09:47,3524
2024-09-25T09:09:21+09:00,00:00:19,2345
2024-09-25T09:50:15+09:00,07:12:37,3524
2024-09-25T10:46:29+09:00,00:35:36,3451
2024-09-25T10:52:13+09:00,00:00:00,14
2024-09-25T10:54:18+09:00,00:00:00,1272
2024-09-25T10:55:32+09:00,00:00:00,3345
2024-09-25T10:55:57+09:00,00:00:00,2345
2024-09-25T10:58:57+09:00,00:00:00,695
2024-09-25T10:59:32+09:00,00:00:27,3238
2024-09-25T11:21:21+09:00,00:03:47,1220
2024-09-25T11:24:09+09:00,00:00:30,14
2024-09-25T11:37:53+09:00,00:16:11,189
2024-09-25T11:50:58+09:00,00:11:40,695
2024-09-25T11:52:50+09:00,00:03:00,1272
2024-09-25T11:56:14+09:00,00:13:22,2345
2024-09-25T12:00:46+09:00,00:02:18,3238
2024-09-25T12:00:55+09:00,00:20:12,2934
2024-09-25T12:32:20+09:00,00:00:00,2592
2024-09-25T12:46:44+09:00,00:18:21,2345
2024-09-25T12:52:47+09:00,00:00:00,189
2024-09-25T13:06:47+09:00,00:00:00,1655
2024-09-25T13:07:16+09:00,00:00:00,14
2024-09-25T13:28:17+09:00,00:35:01,3257
2024-09-25T13:33:16+09:00,00:00:38,189
2024-09-25T13:36:30+09:00,00:00:00,2345
2024-09-25T13:36:58+09:00,00:00:09,2070
2024-09-25T13:49:36+09:00,00:02:04,2148
2024-09-25T14:19:44+09:00,00:08:18,2070
2024-09-25T14:34:14+09:00,00:00:00,189
2024-09-25T15:16:46+09:00,00:01:31,3044
2024-09-25T15:22:36+09:00,00:03:11,3555
2024-09-25T15:41:54+09:00,00:00:33,1079
2024-09-25T15:48:22+09:00,00:01:25,3044
2024-09-25T15:55:58+09:00,00:01:34,3555
2024-09-25T15:56:45+09:00,00:04:06,2345
2024-09-25T15:56:56+09:00,00:03:02,3639
2024-09-25T16:01:16+09:00,00:04:02,385
2024-09-25T16:01:57+09:00,00:00:00,1604
2024-09-26T08:07:01+09:00,00:00:00,189
2024-09-26T08:17:50+09:00,00:46:46,3524
2024-09-26T08:52:01+09:00,00:00:00,189
2024-09-26T09:02:37+09:00,00:01:29,520
2024-09-26T09:41:12+09:00,07:17:39,3524
2024-09-26T09:59:57+09:00,01:33:51,3040
2024-09-26T10:25:59+09:00,00:00:00,843
2024-09-26T11:05:18+09:00,00:00:00,118
2024-09-26T11:20:17+09:00,00:00:04,703
2024-09-26T11:32:14+09:00,00:00:01,3501
2024-09-26T11:34:32+09:00,00:00:56,2345
2024-09-26T12:49:57+09:00,00:07:41,695
2024-09-26T13:26:51+09:00,00:05:15,2219
2024-09-26T13:28:01+09:00,00:17:35,1272
2024-09-26T13:28:12+09:00,00:00:00,2668
2024-09-26T13:28:29+09:00,00:00:20,3122
2024-09-26T13:44:40+09:00,00:02:12,329
2024-09-26T13:49:51+09:00,00:01:20,2070
2024-09-26T13:54:02+09:00,00:01:12,1988
2024-09-26T13:59:44+09:00,00:00:00,1079
2024-09-26T14:05:39+09:00,00:02:49,189
2024-09-26T14:07:11+09:00,00:01:35,731
2024-09-26T14:18:20+09:00,00:00:07,2668
2024-09-26T14:19:59+09:00,00:03:00,1272
2024-09-26T14:21:04+09:00,00:00:26,2219
2024-09-26T14:27:37+09:00,00:35:15,657
2024-09-26T14:29:44+09:00,00:16:53,2070
2024-09-26T14:34:58+09:00,00:00:01,695
2024-09-26T14:35:42+09:00,00:00:00,1988
2024-09-26T14:46:12+09:00,00:00:00,2345
2024-09-26T14:53:11+09:00,00:01:23,3040
2024-09-26T14:53:21+09:00,00:00:00,198
2024-09-26T15:17:30+09:00,00:28:09,2345
2024-09-26T15:17:44+09:00,00:03:48,3238
2024-09-26T15:17:50+09:00,00:00:35,2070
2024-09-26T15:25:19+09:00,00:00:00,3275
2024-09-26T15:26:48+09:00,00:21:23,843
2024-09-26T15:35:27+09:00,00:01:18,695
2024-09-26T16:07:33+09:00,00:01:23,657
2024-09-26T16:26:38+09:00,00:32:31,2345
2024-09-26T16:28:53+09:00,00:00:06,703
2024-09-26T16:41:48+09:00,00:16:56,437
2024-09-26T16:47:27+09:00,00:00:00,170
2024-09-27T08:23:44+09:00,00:47:37,3524
2024-09-27T08:24:55+09:00,00:01:13,657
2024-09-27T08:26:11+09:00,00:02:13,861
2024-09-27T08:56:16+09:00,00:02:34,2345
2024-09-27T09:18:36+09:00,00:00:10,385
2024-09-27T09:37:21+09:00,00:00:00,2345
2024-09-27T09:56:06+09:00,07:05:30,3524
2024-09-27T10:02:16+09:00,00:00:00,1655
2024-09-27T10:40:33+09:00,00:02:40,695
2024-09-27T10:41:04+09:00,00:03:32,896
2024-09-27T10:53:21+09:00,01:37:20,2345
2024-09-27T10:55:05+09:00,00:29:38,3132
2024-09-27T10:55:27+09:00,00:46:46,437
2024-09-27T10:57:59+09:00,00:00:00,703
2024-09-27T10:59:57+09:00,00:03:39,3501
2024-09-27T11:17:12+09:00,00:03:39,495
2024-09-27T11:23:01+09:00,00:04:09,1941
2024-09-27T11:23:28+09:00,00:00:00,2221
2024-09-27T11:31:30+09:00,00:00:31,1988
2024-09-27T11:45:12+09:00,00:01:48,189
2024-09-27T11:46:25+09:00,00:00:52,2070
2024-09-27T11:57:33+09:00,00:06:04,2221
2024-09-27T12:05:10+09:00,00:00:31,896
2024-09-27T12:05:49+09:00,00:00:00,520
2024-09-27T12:08:52+09:00,00:00:00,1272
2024-09-27T12:21:21+09:00,00:00:33,495
2024-09-27T12:29:43+09:00,00:00:00,2070
2024-09-27T12:43:32+09:00,00:05:04,189
2024-09-27T13:01:48+09:00,00:00:00,1202
2024-09-27T13:07:15+09:00,00:00:16,329
2024-09-27T13:24:26+09:00,00:29:39,657
2024-09-27T13:24:34+09:00,00:00:00,847
2024-09-27T13:27:27+09:00,00:00:00,1493
2024-09-27T13:36:43+09:00,00:34:32,2345
2024-09-27T14:04:51+09:00,00:01:29,3238
2024-09-27T14:12:13+09:00,00:02:00,1202
2024-09-27T14:12:19+09:00,00:01:10,581
2024-09-27T14:32:54+09:00,00:00:01,731
2024-09-27T14:52:49+09:00,01:36:34,2345
2024-09-27T15:06:57+09:00,00:05:09,861
2024-09-27T15:07:27+09:00,00:14:59,657
2024-09-27T15:07:41+09:00,00:04:57,2312
2024-09-27T15:07:51+09:00,00:21:32,1202
2024-09-27T15:13:57+09:00,00:00:54,14
2024-09-27T15:58:40+09:00,00:06:03,3315
2024-09-27T16:02:11+09:00,00:00:00,14
2024-09-27T16:03:24+09:00,00:29:14,2070
2024-09-27T16:42:19+09:00,00:02:16,657
2024-09-28T07:45:01+09:00,09:16:04,3524
2024-09-28T07:54:32+09:00,00:21:37,487
2024-09-28T07:54:49+09:00,00:22:38,3555
2024-09-28T07:56:25+09:00,00:29:22,2607
2024-09-28T07:59:37+09:00,00:10:57,2952
2024-09-28T08:00:26+09:00,00:00:00,1605
2024-09-28T08:09:34+09:00,00:00:01,88
2024-09-28T08:46:43+09:00,00:16:19,695
2024-09-28T08:56:00+09:00,00:00:01,889
2024-09-28T08:56:37+09:00,00:42:36,2607
2024-09-28T09:12:41+09:00,00:00:00,1655
2024-09-28T09:14:03+09:00,03:40:52,2345
2024-09-28T09:24:10+09:00,00:00:00,1218
2024-09-28T09:39:32+09:00,00:00:00,3555
2024-09-28T09:40:32+09:00,00:01:59,695
2024-09-28T09:46:09+09:00,00:00:00,189
2024-09-28T09:54:46+09:00,00:01:59,1599
2024-09-28T10:02:47+09:00,00:00:00,437
2024-09-28T10:16:56+09:00,00:00:40,1655
2024-09-28T10:19:35+09:00,00:24:53,3555
2024-09-28T10:21:30+09:00,00:37:46,487
2024-09-28T10:21:49+09:00,00:17:49,2607
2024-09-28T10:24:51+09:00,00:18:45,189
2024-09-28T10:30:18+09:00,00:00:00,847
2024-09-28T10:32:12+09:00,00:00:20,385
2024-09-28T10:32:44+09:00,00:00:00,1461
2024-09-28T10:36:23+09:00,00:33:08,2952
2024-09-28T10:37:01+09:00,00:17:00,437
2024-09-28T10:46:52+09:00,00:55:40,14
2024-09-28T10:48:12+09:00,00:01:56,3235
2024-09-28T10:48:16+09:00,00:36:33,1655
2024-09-28T10:48:32+09:00,00:00:00,3392
2024-09-28T10:49:12+09:00,00:00:40,1988
2024-09-28T11:14:39+09:00,00:00:15,1461
2024-09-28T11:15:24+09:00,00:42:49,657
2024-09-28T11:15:26+09:00,00:07:18,2905
2024-09-28T11:16:44+09:00,00:00:00,329
2024-09-28T11:19:13+09:00,00:02:01,2401
2024-09-28T11:19:23+09:00,00:01:34,189
2024-09-28T11:21:58+09:00,00:00:09,2070
2024-09-28T11:25:48+09:00,01:13:35,847
2024-09-28T11:28:15+09:00,00:02:40,3555
2024-09-28T11:30:50+09:00,00:11:40,437
2024-09-28T11:39:19+09:00,00:00:00,1529
2024-09-28T11:53:28+09:00,00:00:46,889
2024-09-28T11:58:20+09:00,00:00:00,731
2024-09-28T12:03:50+09:00,00:28:11,1655
2024-09-28T12:06:49+09:00,00:00:00,520
2024-09-28T12:15:57+09:00,00:05:06,14
2024-09-28T12:20:20+09:00,00:04:11,3238
2024-09-28T12:20:32+09:00,00:00:00,703
2024-09-28T12:32:28+09:00,00:00:46,189
2024-09-28T12:33:00+09:00,00:03:02,2905
2024-09-28T12:35:56+09:00,00:30:20,3560
2024-09-28T12:37:56+09:00,00:21:08,520
2024-09-28T12:38:19+09:00,00:49:57,200
2024-09-28T12:40:40+09:00,00:02:01,3451
2024-09-28T12:43:10+09:00,01:39:38,657
2024-09-28T12:46:37+09:00,00:02:00,3032
2024-09-28T12:48:59+09:00,01:00:19,1272
2024-09-28T12:58:20+09:00,00:05:00,731
2024-09-28T12:58:52+09:00,00:02:16,3238
2024-09-28T13:01:33+09:00,00:24:04,889
2024-09-28T13:08:57+09:00,00:39:26,189
2024-09-28T13:10:57+09:00,00:03:07,2070
2024-09-28T13:12:57+09:00,00:04:01,3451
2024-09-28T13:13:35+09:00,00:02:30,2592
2024-09-28T13:18:26+09:00,00:00:05,136
2024-09-28T13:19:43+09:00,00:42:43,3501
2024-09-28T13:21:12+09:00,00:00:00,861
2024-09-28T13:23:40+09:00,00:00:00,2225
2024-09-28T13:23:59+09:00,00:02:40,847
2024-09-28T13:27:33+09:00,03:13:05,2345
2024-09-28T13:32:36+09:00,00:01:00,3603
2024-09-28T13:32:54+09:00,00:00:01,1604
2024-09-28T13:33:01+09:00,00:02:28,2905
2024-09-28T13:43:04+09:00,00:00:00,1988
2024-09-28T13:43:51+09:00,00:00:45,437
2024-09-28T13:48:17+09:00,00:00:00,2220
2024-09-28T13:51:17+09:00,00:03:07,3209
2024-09-28T13:52:44+09:00,00:00:00,118
2024-09-28T13:53:11+09:00,00:00:00,136
2024-09-28T13:55:15+09:00,00:00:00,2225
2024-09-28T14:00:55+09:00,00:24:12,14
2024-09-28T14:29:37+09:00,00:00:00,3603
2024-09-28T14:35:21+09:00,00:00:01,3501
2024-09-28T14:37:46+09:00,00:30:51,189
2024-09-28T14:39:55+09:00,00:25:00,1604
2024-09-28T14:41:36+09:00,00:02:40,695
2024-09-28T14:42:52+09:00,00:02:27,2070
2024-09-28T14:49:11+09:00,00:00:00,437
2024-09-28T14:49:33+09:00,00:00:00,731
2024-09-28T14:52:43+09:00,00:00:00,1655
2024-09-28T14:55:21+09:00,01:30:02,657
2024-09-28T15:01:58+09:00,00:02:05,3560
2024-09-28T15:02:21+09:00,00:48:36,14
2024-09-28T15:06:24+09:00,00:00:00,2905
2024-09-28T15:23:45+09:00,00:01:22,437
2024-09-28T15:27:16+09:00,00:00:00,1655
2024-09-28T15:28:13+09:00,00:00:00,2346
2024-09-28T16:04:18+09:00,00:02:08,468
2024-09-28T16:05:17+09:00,00:30:20,889
2024-09-28T16:09:13+09:00,00:00:00,1655
2024-09-28T16:25:03+09:00,00:08:38,2346
2024-09-28T16:54:29+09:00,00:00:00,468
2024-09-28T16:57:20+09:00,00:00:20,657
2024-09-28T17:48:42+09:00,00:00:00,3451
2024-09-29T07:54:26+09:00,00:08:15,3463
2024-09-29T07:55:07+09:00,00:01:30,1752
2024-09-29T07:56:15+09:00,00:05:00,731
2024-09-29T07:59:02+09:00,09:14:06,3524
2024-09-29T08:01:56+09:00,00:05:00,1604
2024-09-29T08:05:45+09:00,00:06:00,3238
2024-09-29T08:07:48+09:00,00:01:53,14
2024-09-29T08:10:56+09:00,00:01:04,189
2024-09-29T08:37:47+09:00,00:01:00,3463
2024-09-29T08:38:26+09:00,00:00:00,1752
2024-09-29T09:08:06+09:00,00:00:00,3238
2024-09-29T09:10:33+09:00,00:02:52,14
2024-09-29T09:17:37+09:00,00:01:28,2766
2024-09-29T09:24:40+09:00,00:25:51,1604
2024-09-29T09:28:46+09:00,01:40:37,2345
2024-09-29T09:52:07+09:00,00:00:22,2153
2024-09-29T10:16:06+09:00,00:01:10,2070
2024-09-29T10:16:15+09:00,00:01:32,1272
2024-09-29T10:17:27+09:00,00:04:10,189
2024-09-29T10:20:38+09:00,00:02:00,3451
2024-09-29T10:21:09+09:00,00:25:24,1988
2024-09-29T10:34:56+09:00,00:00:00,896
2024-09-29T10:39:22+09:00,00:00:00,1604
2024-09-29T10:46:02+09:00,00:00:01,695
2024-09-29T10:53:47+09:00,00:08:21,2070
2024-09-29T11:01:56+09:00,00:04:48,1272
2024-09-29T11:08:21+09:00,00:03:53,731
2024-09-29T11:09:48+09:00,00:06:32,817
2024-09-29T11:10:26+09:00,00:01:05,189
2024-09-29T11:16:21+09:00,00:02:40,695
2024-09-29T11:41:42+09:00,03:41:25,2345
2024-09-29T11:43:58+09:00,00:57:28,3345
2024-09-29T11:52:31+09:00,00:02:46,731
2024-09-29T11:55:30+09:00,00:01:11,703
2024-09-29T11:57:57+09:00,00:00:00,817
2024-09-29T12:00:03+09:00,00:17:23,2070
2024-09-29T12:00:30+09:00,00:00:00,695
2024-09-29T12:04:59+09:00,00:36:03,889
2024-09-29T12:27:58+09:00,00:18:09,189
2024-09-29T12:29:06+09:00,00:00:00,847
2024-09-29T12:33:08+09:00,00:00:00,703
2024-09-29T12:37:08+09:00,00:09:58,1655
2024-09-29T12:41:44+09:00,00:01:02,3451
2024-09-29T12:42:14+09:00,01:39:30,657
2024-09-29T12:45:05+09:00,00:00:31,365
2024-09-29T12:45:50+09:00,00:00:00,2674
2024-09-29T12:47:01+09:00,00:24:29,731
2024-09-29T12:54:33+09:00,00:00:00,1115
2024-09-29T13:02:05+09:00,00:27:01,2221
2024-09-29T13:02:32+09:00,00:00:00,437
2024-09-29T13:05:01+09:00,00:03:07,1256
2024-09-29T13:24:29+09:00,00:00:07,329
2024-09-29T13:26:13+09:00,02:55:51,189
2024-09-29T13:27:43+09:00,00:00:00,1604
2024-09-29T13:32:28+09:00,00:00:00,889
2024-09-29T13:40:57+09:00,00:03:25,3238
2024-09-29T13:41:08+09:00,00:27:35,2499
2024-09-29T13:41:14+09:00,00:27:15,14
2024-09-29T13:45:48+09:00,00:02:14,3451
2024-09-29T13:49:25+09:00,00:13:45,365
2024-09-29T14:01:52+09:00,00:00:01,447
2024-09-29T14:07:33+09:00,00:03:54,1604
2024-09-29T14:21:08+09:00,00:01:25,861
2024-09-29T14:31:24+09:00,00:19:04,2734
2024-09-29T14:31:37+09:00,00:00:00,1855
2024-09-29T14:33:20+09:00,00:00:00,447
2024-09-29T14:36:36+09:00,00:56:12,2070
2024-09-29T14:47:19+09:00,00:00:16,1988
2024-09-29T14:55:35+09:00,00:04:52,1363
2024-09-29T14:56:47+09:00,00:01:16,14
2024-09-29T14:57:06+09:00,00:29:03,1272
2024-09-29T14:57:16+09:00,00:00:00,2672
2024-09-29T14:58:46+09:00,00:00:00,1655
2024-09-29T15:00:06+09:00,00:04:27,861
2024-09-29T15:02:45+09:00,00:00:52,902
2024-09-29T15:05:45+09:00,00:00:01,1201
2024-09-29T15:05:54+09:00,00:00:00,896
2024-09-29T15:17:07+09:00,00:00:53,2219
2024-09-29T15:20:22+09:00,00:00:45,437
2024-09-29T15:36:57+09:00,00:31:30,14
2024-09-29T15:40:43+09:00,00:01:19,118
2024-09-29T15:41:15+09:00,00:00:00,657
2024-09-29T15:41:18+09:00,00:00:00,3501
2024-09-29T15:44:50+09:00,00:00:00,902
2024-09-29T15:58:29+09:00,00:29:22,2345
2024-09-29T16:02:22+09:00,00:01:00,1855
2024-09-29T16:03:07+09:00,00:00:00,2148
2024-09-29T16:19:16+09:00,00:00:00,2070
2024-09-29T16:22:38+09:00,00:00:00,2219
2024-09-29T16:23:17+09:00,00:04:52,3389
2024-09-29T16:23:34+09:00,00:02:20,906
2024-09-29T16:24:36+09:00,00:02:55,3138
2024-09-29T16:26:18+09:00,00:31:21,657
2024-09-29T16:26:25+09:00,00:00:00,3501
2024-09-29T16:29:22+09:00,00:00:26,329
2024-09-29T16:41:27+09:00,00:00:00,1855
2024-09-29T16:50:07+09:00,00:00:00,1605
2024-09-29T17:03:14+09:00,00:00:23,703
2024-09-30T08:30:41+09:00,00:00:15,3524
2024-09-30T09:08:41+09:00,07:56:26,3524
2024-09-30T09:13:17+09:00,00:00:00,731
2024-09-30T09:26:09+09:00,00:02:59,2345
2024-09-30T09:29:54+09:00,00:04:08,1166
2024-09-30T09:30:20+09:00,00:02:39,695
2024-09-30T09:31:14+09:00,00:01:16,385
2024-09-30T09:50:13+09:00,00:04:15,2070
2024-09-30T10:20:23+09:00,00:04:47,385
2024-09-30T10:20:47+09:00,00:51:56,695
2024-09-30T10:23:13+09:00,00:30:12,2345
2024-09-30T10:35:16+09:00,00:00:00,189
2024-09-30T10:37:38+09:00,00:00:00,14
2024-09-30T10:46:38+09:00,00:00:00,468
2024-09-30T10:51:40+09:00,00:07:12,2070
2024-09-30T11:00:35+09:00,00:00:00,731
2024-09-30T11:09:57+09:00,00:02:47,657
2024-09-30T11:24:17+09:00,00:33:24,2345
2024-09-30T11:28:23+09:00,00:31:57,189
2024-09-30T12:08:24+09:00,00:19:11,731
2024-09-30T12:28:22+09:00,00:42:37,2070
2024-09-30T12:33:32+09:00,00:02:18,695
2024-09-30T12:45:05+09:00,00:01:02,1881
2024-09-30T12:48:57+09:00,00:01:35,189
2024-09-30T12:51:42+09:00,00:02:26,2838
2024-09-30T12:52:26+09:00,00:00:08,520
2024-09-30T13:13:24+09:00,00:00:00,1604
2024-09-30T13:30:49+09:00,00:00:01,889
2024-09-30T13:31:48+09:00,00:05:35,1272
2024-09-30T13:36:18+09:00,00:00:00,2220
2024-09-30T13:36:20+09:00,00:00:00,2838
2024-09-30T13:52:11+09:00,00:16:19,657
2024-09-30T14:07:41+09:00,00:15:27,2345
2024-09-30T14:17:48+09:00,00:00:00,2766
2024-09-30T14:19:44+09:00,00:01:05,1272
2024-09-30T14:21:12+09:00,00:01:26,889
2024-09-30T14:24:37+09:00,00:00:00,1604
2024-09-30T14:55:25+09:00,00:21:50,2345
2024-09-30T15:39:06+09:00,00:00:00,1717
2024-09-30T15:39:23+09:00,00:04:00,189
2024-09-30T15:47:07+09:00,00:04:20,3451
2024-09-30T16:13:32+09:00,00:03:10,657
2024-09-30T16:14:52+09:00,00:16:21,2934
2024-09-30T16:16:34+09:00,00:00:01,889
2024-09-30T16:17:04+09:00,00:02:38,189
2024-09-30T17:00:39+09:00,00:00:00,189
2024-10-01T09:01:31+09:00,00:02:07,3524
2024-10-01T09:24:27+09:00,00:03:23,2345
2024-10-01T09:34:39+09:00,06:58:17,3524
2024-10-01T09:46:58+09:00,00:00:00,3040
2024-10-01T09:47:05+09:00,00:00:00,198
2024-10-01T10:01:28+09:00,00:43:24,1988
2024-10-01T10:44:06+09:00,00:00:00,3040
2024-10-01T10:49:31+09:00,00:00:00,2345
2024-10-01T11:48:48+09:00,00:04:19,3555
2024-10-01T11:55:07+09:00,00:31:04,2345
2024-10-01T12:01:34+09:00,01:27:16,3040
2024-10-01T12:03:38+09:00,00:55:35,198
2024-10-01T12:19:25+09:00,00:00:00,14
2024-10-01T12:40:51+09:00,00:22:24,1655
2024-10-01T12:58:50+09:00,00:02:38,3555
2024-10-01T12:59:50+09:00,00:01:23,3501
2024-10-01T12:59:54+09:00,00:01:26,437
2024-10-01T13:01:29+09:00,00:00:01,2345
2024-10-01T13:21:51+09:00,00:03:30,731
2024-10-01T13:30:55+09:00,00:00:00,198
2024-10-01T13:32:02+09:00,00:00:00,14
2024-10-01T13:42:53+09:00,00:00:00,437
2024-10-01T13:43:38+09:00,00:00:47,889
2024-10-01T13:44:31+09:00,00:00:22,3501
2024-10-01T13:45:03+09:00,00:00:40,118
2024-10-01T13:56:50+09:00,00:00:00,385
2024-10-01T14:03:07+09:00,00:31:42,3040
2024-10-01T14:05:01+09:00,00:00:00,198
2024-10-01T14:19:22+09:00,00:00:00,889
2024-10-01T14:23:13+09:00,00:00:20,731
2024-10-01T14:31:13+09:00,00:00:00,189
2024-10-01T14:35:11+09:00,00:19:20,2401
2024-10-01T14:58:08+09:00,00:03:27,2345
2024-10-01T15:10:13+09:00,00:00:00,3238
2024-10-01T15:42:47+09:00,00:11:48,2345
2024-10-01T16:09:45+09:00,00:00:00,889
2024-10-01T17:08:01+09:00,00:05:35,3040
2024-10-01T17:12:54+09:00,00:00:20,198
2024-10-02T09:18:59+09:00,00:00:02,3555
2024-10-02T09:19:49+09:00,00:00:00,2345
2024-10-02T09:20:52+09:00,00:01:11,2611
2024-10-02T09:22:04+09:00,00:00:00,3637
2024-10-02T09:23:10+09:00,00:02:54,731
2024-10-02T09:24:11+09:00,00:02:23,3524
2024-10-02T09:46:07+09:00,00:00:00,437
2024-10-02T09:59:01+09:00,00:06:36,3637
2024-10-02T10:01:16+09:00,06:59:51,3524
2024-10-02T10:04:10+09:00,00:00:24,2611
2024-10-02T10:08:54+09:00,00:03:41,385
2024-10-02T10:17:45+09:00,00:00:00,731
2024-10-02T10:21:25+09:00,00:07:23,2070
2024-10-02T11:05:04+09:00,00:01:09,385
2024-10-02T11:43:41+09:00,00:03:34,2345
2024-10-02T12:32:23+09:00,00:29:41,14
2024-10-02T12:35:41+09:00,00:00:00,896
2024-10-02T12:36:39+09:00,00:02:00,657
2024-10-02T12:36:54+09:00,00:00:00,2345
2024-10-02T12:38:42+09:00,00:00:00,2070
2024-10-02T12:55:03+09:00,00:16:51,329
2024-10-02T13:18:19+09:00,00:02:29,189
2024-10-02T13:37:12+09:00,00:14:59,657
2024-10-02T13:38:12+09:00,00:00:21,861
2024-10-02T13:47:29+09:00,00:22:27,2345
2024-10-02T14:03:19+09:00,00:02:41,329
2024-10-02T14:03:45+09:00,00:01:07,412
2024-10-02T14:05:22+09:00,00:02:58,2607
2024-10-02T14:26:48+09:00,00:07:04,703
2024-10-02T14:27:32+09:00,00:00:00,520
2024-10-02T14:32:58+09:00,00:03:53,3405
2024-10-02T14:53:12+09:00,00:02:02,385
2024-10-02T14:58:47+09:00,00:02:24,412
2024-10-02T15:02:15+09:00,00:04:13,1202
2024-10-02T15:12:42+09:00,00:00:00,88
2024-10-02T15:25:44+09:00,00:02:21,359
2024-10-02T15:46:54+09:00,00:21:48,392
2024-10-02T15:52:55+09:00,00:00:00,1202
2024-10-02T15:57:46+09:00,00:00:00,3562
2024-10-02T16:09:10+09:00,00:32:28,189
2024-10-02T16:11:44+09:00,00:00:00,88
2024-10-02T16:22:06+09:00,00:02:14,889
2024-10-02T17:00:43+09:00,00:00:00,889
2024-10-03T08:54:27+09:00,07:31:58,3524
2024-10-03T08:57:04+09:00,00:00:00,520
2024-10-03T10:45:45+09:00,00:00:59,189
2024-10-03T10:58:52+09:00,00:00:00,2952
2024-10-03T10:59:13+09:00,00:00:00,2646
2024-10-03T11:59:29+09:00,00:00:36,14
2024-10-03T12:09:39+09:00,00:00:00,896
2024-10-03T12:14:04+09:00,00:18:50,2607
2024-10-03T12:16:50+09:00,00:47:21,329
2024-10-03T12:21:13+09:00,00:00:07,2345
2024-10-03T12:22:04+09:00,00:00:00,3241
2024-10-03T13:12:46+09:00,00:00:00,198
2024-10-03T13:40:00+09:00,00:00:40,2952
2024-10-03T14:05:14+09:00,00:26:00,843
2024-10-03T14:39:28+09:00,00:02:24,189
2024-10-03T15:02:01+09:00,00:00:48,2345
2024-10-03T15:20:55+09:00,00:04:09,3501
2024-10-03T15:30:55+09:00,00:00:23,889
2024-10-03T15:39:09+09:00,00:00:00,189
2024-10-03T15:42:23+09:00,00:00:14,329
2024-10-03T15:58:44+09:00,00:07:17,198
2024-10-03T16:03:23+09:00,00:23:47,392
2024-10-03T16:03:35+09:00,00:05:57,2345
2024-10-03T16:05:25+09:00,00:00:57,3501
2024-10-03T16:07:21+09:00,00:16:18,3562
2024-10-04T08:02:40+09:00,00:00:01,3524
2024-10-04T09:16:27+09:00,00:03:18,2345
2024-10-04T09:22:30+09:00,07:36:40,3524
2024-10-04T09:32:44+09:00,00:02:24,3345
2024-10-04T09:58:07+09:00,00:00:00,392
2024-10-04T10:08:46+09:00,00:00:21,2345
2024-10-04T10:10:27+09:00,00:00:00,3345
2024-10-04T10:19:22+09:00,00:00:55,520
2024-10-04T10:40:45+09:00,00:00:50,189
2024-10-04T10:40:51+09:00,00:04:00,3019
2024-10-04T11:13:30+09:00,00:00:00,889
2024-10-04T11:14:05+09:00,00:00:00,520
2024-10-04T11:19:58+09:00,00:00:00,3019
2024-10-04T11:33:39+09:00,00:30:32,189
2024-10-04T11:33:47+09:00,00:00:00,695
2024-10-04T11:36:33+09:00,00:29:47,2345
2024-10-04T11:50:58+09:00,00:00:30,1115
2024-10-04T12:01:30+09:00,00:00:39,889
2024-10-04T13:03:51+09:00,00:00:20,1655
2024-10-04T13:12:33+09:00,00:02:11,3238
2024-10-04T13:16:00+09:00,00:00:00,3056
2024-10-04T13:19:19+09:00,00:15:48,3040
2024-10-04T13:19:24+09:00,00:15:46,198
2024-10-04T13:33:50+09:00,00:05:49,3555
2024-10-04T13:35:36+09:00,00:00:00,731
2024-10-04T13:44:09+09:00,00:21:21,688
2024-10-04T13:53:58+09:00,00:09:01,189
2024-10-04T14:02:10+09:00,00:58:07,2345
2024-10-04T14:15:49+09:00,00:31:02,437
2024-10-04T14:16:43+09:00,00:45:02,657
2024-10-04T14:18:17+09:00,00:22:48,428
2024-10-04T14:18:21+09:00,00:00:00,1655
2024-10-04T14:18:56+09:00,00:26:20,861
2024-10-04T14:33:50+09:00,00:01:29,695
2024-10-04T14:44:32+09:00,00:00:00,198
2024-10-04T14:54:13+09:00,00:00:00,2838
2024-10-04T15:03:21+09:00,00:00:38,329
2024-10-04T15:44:45+09:00,00:00:00,657
2024-10-04T15:59:33+09:00,00:00:00,2345
2024-10-04T16:08:35+09:00,00:00:00,329
2024-10-04T16:58:00+09:00,00:05:36,329
2024-10-04T17:13:26+09:00,00:00:01,198
2024-10-05T07:49:52+09:00,00:00:01,3040
2024-10-05T07:52:50+09:00,00:02:40,3555
2024-10-05T07:56:08+09:00,09:06:20,3524
2024-10-05T07:56:36+09:00,00:47:45,198
2024-10-05T08:01:13+09:00,00:22:07,3238
2024-10-05T08:04:22+09:00,00:00:00,1604
2024-10-05T08:05:41+09:00,00:00:00,2879
2024-10-05T08:07:37+09:00,03:43:26,385
2024-10-05T08:25:38+09:00,06:27:53,3555
2024-10-05T08:35:50+09:00,00:08:15,1604
2024-10-05T08:37:30+09:00,00:10:30,688
2024-10-05T08:38:39+09:00,00:41:04,2879
2024-10-05T09:05:04+09:00,00:00:00,2345
2024-10-05T09:06:01+09:00,00:00:00,14
2024-10-05T09:26:11+09:00,00:10:00,1604
2024-10-05T09:37:24+09:00,00:00:20,198
2024-10-05T09:37:37+09:00,00:26:31,2905
2024-10-05T09:38:23+09:00,00:00:56,520
2024-10-05T10:01:25+09:00,00:04:39,1218
2024-10-05T10:02:37+09:00,00:00:00,14
2024-10-05T10:05:18+09:00,00:15:41,695
2024-10-05T10:05:21+09:00,00:00:00,2879
2024-10-05T10:05:28+09:00,00:00:00,2345
2024-10-05T10:11:53+09:00,00:42:36,1272
2024-10-05T10:12:44+09:00,01:02:06,847
2024-10-05T10:13:09+09:00,00:04:33,1604
2024-10-05T10:15:25+09:00,00:00:40,198
2024-10-05T10:18:22+09:00,00:00:00,189
2024-10-05T10:24:00+09:00,00:30:54,329
2024-10-05T10:30:24+09:00,00:15:23,3238
2024-10-05T10:33:28+09:00,00:22:38,14
2024-10-05T10:34:16+09:00,00:01:11,3345
2024-10-05T10:35:38+09:00,02:53:48,2879
2024-10-05T10:40:00+09:00,00:00:00,1529
2024-10-05T10:40:54+09:00,00:00:36,1715
2024-10-05T10:53:37+09:00,00:05:37,657
2024-10-05T11:00:26+09:00,00:00:00,198
2024-10-05T11:01:05+09:00,05:18:43,2345
2024-10-05T11:02:23+09:00,00:09:45,843
2024-10-05T11:08:02+09:00,00:05:14,2401
2024-10-05T11:11:11+09:00,00:24:59,2734
2024-10-05T11:11:34+09:00,00:29:28,2070
2024-10-05T11:11:41+09:00,00:10:59,1855
2024-10-05T11:20:04+09:00,00:34:14,1655
2024-10-05T11:25:11+09:00,00:39:20,1272
2024-10-05T11:37:25+09:00,00:00:00,329
2024-10-05T11:40:46+09:00,00:29:52,437
2024-10-05T11:41:09+09:00,00:23:39,1461
2024-10-05T11:41:46+09:00,01:06:59,657
2024-10-05T11:42:42+09:00,00:00:00,2220
2024-10-05T11:46:34+09:00,00:08:30,688
2024-10-05T11:53:27+09:00,00:31:01,817
2024-10-05T12:12:55+09:00,00:14:47,3405
2024-10-05T12:18:04+09:00,00:00:00,2220
2024-10-05T12:27:27+09:00,00:13:44,3238
2024-10-05T12:32:51+09:00,00:59:12,198
2024-10-05T12:33:36+09:00,01:17:33,385
2024-10-05T12:36:10+09:00,00:00:00,2592
2024-10-05T12:40:21+09:00,00:02:58,439
2024-10-05T12:42:39+09:00,00:58:18,688
2024-10-05T12:42:46+09:00,00:03:31,329
2024-10-05T12:47:32+09:00,00:30:18,14
2024-10-05T12:51:39+09:00,00:00:45,437
2024-10-05T12:55:49+09:00,00:02:01,3040
2024-10-05T13:16:11+09:00,00:12:02,2220
2024-10-05T13:17:35+09:00,00:36:54,3405
2024-10-05T13:19:04+09:00,00:26:07,296
2024-10-05T13:19:17+09:00,00:01:35,1605
2024-10-05T13:19:36+09:00,00:00:40,1655
2024-10-05T13:20:46+09:00,00:00:30,3241
2024-10-05T13:21:18+09:00,00:02:30,1715
2024-10-05T13:22:08+09:00,00:00:38,487
2024-10-05T13:30:03+09:00,00:00:00,889
2024-10-05T13:31:25+09:00,00:00:00,2674
2024-10-05T13:37:13+09:00,00:54:08,2221
2024-10-05T13:38:25+09:00,00:00:00,439
2024-10-05T13:40:08+09:00,00:08:15,437
2024-10-05T13:50:30+09:00,00:32:08,14
2024-10-05T13:50:55+09:00,00:50:16,189
2024-10-05T13:51:30+09:00,00:00:00,2905
2024-10-05T13:52:56+09:00,00:02:57,1655
2024-10-05T13:56:03+09:00,00:01:55,3560
2024-10-05T13:58:42+09:00,00:17:50,3040
2024-10-05T13:59:52+09:00,00:00:00,487
2024-10-05T14:03:55+09:00,00:49:19,2879
2024-10-05T14:31:36+09:00,00:00:00,2607
2024-10-05T14:35:46+09:00,00:00:00,889
2024-10-05T14:35:52+09:00,00:07:18,329
2024-10-05T14:44:21+09:00,00:00:00,3418
2024-10-05T14:45:00+09:00,00:00:00,1529
2024-10-05T14:48:33+09:00,00:04:01,1272
2024-10-05T14:50:09+09:00,00:00:01,1604
2024-10-05T14:52:46+09:00,00:02:10,2694
2024-10-05T14:53:48+09:00,01:24:24,3040
2024-10-05T14:55:49+09:00,00:00:00,688
2024-10-05T15:04:22+09:00,01:11:49,198
2024-10-05T15:11:03+09:00,00:02:02,2674
2024-10-05T15:12:16+09:00,00:00:00,847
2024-10-05T15:15:56+09:00,00:08:10,189
2024-10-05T15:18:45+09:00,00:00:20,731
2024-10-05T15:22:42+09:00,00:00:23,889
2024-10-05T15:23:00+09:00,00:00:00,1655
2024-10-05T15:28:38+09:00,00:00:20,2070
2024-10-05T15:34:03+09:00,00:00:00,2694
2024-10-05T15:50:57+09:00,00:00:00,329
2024-10-05T15:58:20+09:00,00:00:06,3056
2024-10-05T16:02:57+09:00,00:00:00,2674
2024-10-05T16:04:46+09:00,00:00:00,2401
2024-10-05T16:06:59+09:00,00:08:40,657
2024-10-05T16:12:12+09:00,00:00:47,2070
2024-10-05T16:29:02+09:00,00:00:00,2219
2024-10-05T16:30:51+09:00,00:02:04,189
2024-10-05T16:52:26+09:00,00:01:48,2401
2024-10-05T16:53:38+09:00,00:02:00,657
2024-10-05T17:03:04+09:00,00:00:00,2219
2024-10-05T17:10:52+09:00,00:00:00,198
2024-10-06T07:44:29+09:00,09:18:10,3524
2024-10-06T07:46:40+09:00,00:00:00,14
2024-10-06T07:49:47+09:00,07:36:54,3555
2024-10-06T07:55:52+09:00,00:30:42,3040
2024-10-06T07:55:55+09:00,02:09:26,3583
2024-10-06T08:00:36+09:00,00:32:36,198
2024-10-06T08:06:42+09:00,00:00:00,1717
2024-10-06T08:09:28+09:00,00:47:13,385
2024-10-06T08:13:39+09:00,00:21:47,2879
2024-10-06T08:35:34+09:00,00:00:00,688
2024-10-06T08:36:04+09:00,00:00:00,189
2024-10-06T08:36:20+09:00,00:14:01,1604
2024-10-06T08:37:43+09:00,00:00:00,3345
2024-10-06T08:58:15+09:00,02:32:14,3040
2024-10-06T09:10:51+09:00,00:00:00,14
2024-10-06T09:17:55+09:00,00:01:30,2345
2024-10-06T09:18:00+09:00,00:19:41,706
2024-10-06T09:20:04+09:00,00:00:00,731
2024-10-06T09:21:46+09:00,00:00:20,1655
2024-10-06T09:22:58+09:00,00:40:19,657
2024-10-06T09:30:50+09:00,00:00:00,1717
2024-10-06T09:32:56+09:00,00:00:46,688
2024-10-06T09:39:09+09:00,00:46:34,198
2024-10-06T09:39:51+09:00,00:01:12,2592
2024-10-06T09:40:25+09:00,00:23:00,1988
2024-10-06T09:42:16+09:00,01:02:34,329
2024-10-06T09:46:43+09:00,00:15:38,2879
2024-10-06T09:50:43+09:00,06:04:38,2345
2024-10-06T09:59:38+09:00,00:00:09,1605
2024-10-06T09:59:43+09:00,00:00:00,88
2024-10-06T10:03:20+09:00,00:00:42,487
2024-10-06T10:05:19+09:00,00:02:50,731
2024-10-06T10:09:49+09:00,00:02:17,1272
2024-10-06T10:09:53+09:00,00:02:16,2220
2024-10-06T10:09:58+09:00,00:00:00,1715
2024-10-06T10:10:01+09:00,03:02:09,189
2024-10-06T10:10:52+09:00,00:00:00,520
2024-10-06T10:15:41+09:00,00:01:27,3451
2024-10-06T10:19:37+09:00,00:00:00,1717
2024-10-06T10:23:10+09:00,00:31:38,1655
2024-10-06T10:30:30+09:00,00:01:16,695
2024-10-06T10:30:33+09:00,00:02:56,14
2024-10-06T10:34:08+09:00,00:17:09,3501
2024-10-06T10:34:27+09:00,05:03:41,657
2024-10-06T10:37:55+09:00,00:02:53,847
2024-10-06T10:38:06+09:00,00:00:00,2592
2024-10-06T10:39:01+09:00,00:00:00,118
2024-10-06T10:41:33+09:00,00:05:22,861
2024-10-06T10:43:09+09:00,00:28:25,731
2024-10-06T10:43:09+09:00,00:00:40,1988
2024-10-06T10:44:04+09:00,00:04:00,487
2024-10-06T10:45:53+09:00,00:00:00,551
2024-10-06T10:45:53+09:00,00:30:33,703
2024-10-06T10:46:08+09:00,00:02:45,843
2024-10-06T10:58:01+09:00,00:00:18,2070
2024-10-06T11:02:38+09:00,00:11:04,3583
2024-10-06T11:04:34+09:00,00:02:11,437
2024-10-06T11:08:59+09:00,03:35:29,2879
2024-10-06T11:11:27+09:00,00:00:00,688
2024-10-06T11:12:18+09:00,00:00:00,420
2024-10-06T11:15:40+09:00,00:21:53,385
2024-10-06T11:16:32+09:00,00:00:00,14
2024-10-06T11:17:04+09:00,00:11:50,695
2024-10-06T11:18:53+09:00,00:00:04,520
2024-10-06T11:18:55+09:00,00:00:00,1988
2024-10-06T11:19:07+09:00,00:26:33,2401
2024-10-06T11:22:13+09:00,00:00:47,1270
2024-10-06T11:25:30+09:00,00:00:51,1604
2024-10-06T11:27:01+09:00,00:00:00,2905
2024-10-06T11:30:14+09:00,00:00:00,329
2024-10-06T11:30:30+09:00,00:00:00,198
2024-10-06T11:31:28+09:00,00:49:27,847
2024-10-06T11:32:53+09:00,00:02:52,2070
2024-10-06T11:39:33+09:00,00:00:01,468
2024-10-06T11:42:55+09:00,00:00:10,3345
2024-10-06T11:49:47+09:00,00:02:31,889
2024-10-06T11:51:48+09:00,00:00:00,1529
2024-10-06T11:56:18+09:00,00:00:45,437
2024-10-06T11:58:16+09:00,00:00:15,1605
2024-10-06T11:59:03+09:00,00:00:00,487
2024-10-06T12:01:15+09:00,00:29:01,1717
2024-10-06T12:01:33+09:00,00:05:00,731
2024-10-06T12:01:51+09:00,00:44:59,3583
2024-10-06T12:02:44+09:00,00:00:00,2905
2024-10-06T12:09:45+09:00,00:15:10,1604
2024-10-06T12:10:24+09:00,00:11:10,329
2024-10-06T12:10:42+09:00,00:04:17,3257
2024-10-06T12:20:15+09:00,00:00:00,2338
2024-10-06T12:20:26+09:00,00:02:05,703
2024-10-06T12:20:38+09:00,00:26:07,625
2024-10-06T12:21:16+09:00,00:02:00,3019
2024-10-06T12:21:37+09:00,00:02:04,695
2024-10-06T12:23:09+09:00,00:32:55,2070
2024-10-06T12:23:42+09:00,00:19:45,224
2024-10-06T12:25:21+09:00,00:18:07,3345
2024-10-06T12:25:35+09:00,00:01:12,1988
2024-10-06T12:26:55+09:00,00:01:18,468
2024-10-06T12:28:23+09:00,00:00:00,3317
2024-10-06T12:29:14+09:00,00:00:00,2952
2024-10-06T12:32:30+09:00,00:00:00,1291
2024-10-06T12:34:30+09:00,00:49:36,1655
2024-10-06T12:38:49+09:00,00:01:54,861
2024-10-06T12:39:27+09:00,00:00:40,1605
2024-10-06T12:39:34+09:00,00:13:22,198
2024-10-06T12:41:13+09:00,00:27:31,3040
2024-10-06T12:42:52+09:00,00:02:13,437
2024-10-06T12:45:20+09:00,00:00:00,3451
2024-10-06T12:53:39+09:00,00:10:47,2964
2024-10-06T12:55:30+09:00,00:00:00,88
2024-10-06T13:02:42+09:00,00:05:02,847
2024-10-06T13:03:21+09:00,00:08:15,468
2024-10-06T13:05:45+09:00,01:34:56,695
2024-10-06T13:07:29+09:00,00:00:00,14
2024-10-06T13:10:30+09:00,00:12:57,688
2024-10-06T13:10:35+09:00,01:01:18,1604
2024-10-06T13:21:56+09:00,00:07:21,437
2024-10-06T13:22:04+09:00,02:04:03,3583
2024-10-06T13:26:11+09:00,00:00:00,3238
2024-10-06T13:27:27+09:00,00:00:00,329
2024-10-06T13:29:31+09:00,00:00:00,487
2024-10-06T13:33:46+09:00,00:49:05,385
2024-10-06T13:38:36+09:00,00:00:00,3019
2024-10-06T13:44:23+09:00,00:01:46,861
2024-10-06T13:47:14+09:00,00:05:13,3451
2024-10-06T13:49:04+09:00,00:00:00,3040
2024-10-06T13:49:15+09:00,00:21:37,189
2024-10-06T13:55:43+09:00,00:35:07,14
2024-10-06T14:06:51+09:00,00:00:00,437
2024-10-06T14:11:10+09:00,00:00:26,1897
2024-10-06T14:19:03+09:00,00:00:00,731
2024-10-06T14:21:28+09:00,01:19:06,3040
2024-10-06T14:31:08+09:00,00:04:53,688
2024-10-06T14:34:29+09:00,01:05:48,198
2024-10-06T14:36:43+09:00,00:20:11,3345
2024-10-06T14:38:00+09:00,00:01:53,889
2024-10-06T14:44:27+09:00,00:00:20,1604
2024-10-06T14:44:46+09:00,00:00:20,861
2024-10-06T14:54:56+09:00,00:20:10,841
2024-10-06T14:57:57+09:00,00:00:00,437
2024-10-06T15:06:51+09:00,00:20:00,1272
2024-10-06T15:14:10+09:00,00:01:20,695
2024-10-06T15:15:34+09:00,00:29:21,14
2024-10-06T15:15:47+09:00,00:00:00,1897
2024-10-06T15:22:57+09:00,00:03:33,1604
2024-10-06T15:23:41+09:00,00:24:06,1655
2024-10-06T15:24:31+09:00,00:00:46,2879
2024-10-06T15:38:15+09:00,00:00:00,520
2024-10-06T15:48:32+09:00,00:03:00,3345
2024-10-06T15:52:48+09:00,00:00:00,703
2024-10-06T16:09:04+09:00,00:22:05,487
2024-10-06T16:24:38+09:00,00:00:56,657
2024-10-06T16:26:08+09:00,00:04:43,2345
2024-10-06T16:26:37+09:00,00:08:48,1604
2024-10-06T16:32:57+09:00,00:00:56,1655
2024-10-06T16:39:41+09:00,00:00:00,1988
2024-10-07T07:50:15+09:00,08:55:50,3524
2024-10-07T08:27:02+09:00,00:19:44,189
2024-10-07T08:37:21+09:00,00:00:00,657
2024-10-07T08:47:36+09:00,00:01:42,2345
2024-10-07T09:16:18+09:00,00:00:13,1186
2024-10-07T09:24:00+09:00,00:00:00,189
2024-10-07T09:59:12+09:00,01:44:48,2345
2024-10-07T10:00:46+09:00,00:00:36,189
2024-10-07T10:24:50+09:00,00:00:45,437
2024-10-07T10:38:57+09:00,00:00:00,2952
2024-10-07T10:43:22+09:00,00:22:29,1604
2024-10-07T11:00:19+09:00,00:07:00,232
2024-10-07T11:00:31+09:00,00:07:30,3451
2024-10-07T11:05:38+09:00,00:00:00,3238
2024-10-07T11:19:14+09:00,00:03:24,1366
2024-10-07T11:26:43+09:00,00:07:18,437
2024-10-07T11:42:20+09:00,00:02:00,232
2024-10-07T11:44:19+09:00,00:04:56,3451
2024-10-07T11:46:47+09:00,00:02:06,14
2024-10-07T11:52:54+09:00,00:16:14,189
2024-10-07T11:56:39+09:00,00:00:54,329
2024-10-07T12:05:34+09:00,00:02:13,1366
2024-10-07T12:15:09+09:00,00:00:00,1717
2024-10-07T12:39:34+09:00,00:00:30,329
2024-10-07T12:55:44+09:00,00:07:49,14
2024-10-07T13:32:57+09:00,00:01:40,688
2024-10-07T14:10:17+09:00,00:00:00,688
2024-10-07T14:21:46+09:00,00:17:33,3501
2024-10-07T14:53:01+09:00,00:00:43,189
2024-10-07T14:54:43+09:00,00:00:00,1272
2024-10-07T15:20:50+09:00,00:00:00,3209
2024-10-07T15:33:32+09:00,00:00:00,189
2024-10-07T15:46:47+09:00,00:00:00,2607
2024-10-07T16:02:01+09:00,00:00:09,3451
2024-10-07T16:05:27+09:00,00:00:00,1272
2024-10-07T16:43:18+09:00,00:00:00,2607
2024-10-07T17:02:24+09:00,00:04:22,3501
2024-10-08T08:36:29+09:00,00:01:24,3524
2024-10-08T09:06:01+09:00,00:00:00,198
2024-10-08T09:10:18+09:00,00:11:35,3524
2024-10-08T10:08:40+09:00,00:01:07,2219
2024-10-08T10:10:02+09:00,00:00:00,2971
2024-10-08T10:30:05+09:00,00:00:00,2879
2024-10-08T10:37:21+09:00,06:16:41,3524
2024-10-08T10:45:25+09:00,00:00:13,3238
2024-10-08T10:45:31+09:00,00:00:12,3345
2024-10-08T10:46:00+09:00,00:28:46,2070
2024-10-08T10:46:30+09:00,00:00:00,3040
2024-10-08T10:49:35+09:00,00:00:00,2220
2024-10-08T10:49:37+09:00,00:01:00,1272
2024-10-08T11:02:51+09:00,00:14:14,189
2024-10-08T11:06:52+09:00,00:00:12,703
2024-10-08T11:27:45+09:00,00:03:08,3238
2024-10-08T11:45:09+09:00,00:26:03,731
2024-10-08T11:45:37+09:00,00:00:00,1142
2024-10-08T11:45:55+09:00,00:02:05,3451
2024-10-08T11:47:30+09:00,00:02:16,2345
2024-10-08T11:50:18+09:00,00:00:00,958
2024-10-08T12:26:49+09:00,00:00:13,2345
2024-10-08T12:27:22+09:00,00:00:00,3451
2024-10-08T12:38:22+09:00,00:01:20,189
2024-10-08T12:38:50+09:00,00:00:00,2070
2024-10-08T12:40:42+09:00,00:00:00,657
2024-10-08T12:42:39+09:00,00:00:33,3389
2024-10-08T12:51:22+09:00,00:02:29,847
2024-10-08T12:56:20+09:00,00:00:00,1717
2024-10-08T13:04:38+09:00,00:00:00,2345
2024-10-08T13:12:36+09:00,00:00:49,889
2024-10-08T13:20:32+09:00,00:04:05,189
2024-10-08T13:22:48+09:00,00:03:00,657
2024-10-08T13:23:51+09:00,00:00:00,2070
2024-10-08T13:43:15+09:00,00:31:04,1272
2024-10-08T13:44:15+09:00,00:00:00,2220
2024-10-08T13:47:50+09:00,00:00:00,847
2024-10-08T13:57:35+09:00,00:28:52,2345
2024-10-08T14:11:45+09:00,00:00:07,889
2024-10-08T14:14:17+09:00,00:01:34,2401
2024-10-08T14:19:24+09:00,00:00:00,1087
2024-10-08T14:20:42+09:00,00:04:15,2611
2024-10-08T14:20:52+09:00,00:03:38,3637
2024-10-08T14:24:35+09:00,00:00:00,663
2024-10-08T14:47:55+09:00,00:00:00,2952
2024-10-08T15:35:35+09:00,00:31:47,189
2024-10-08T15:35:47+09:00,00:17:59,3405
2024-10-08T15:50:45+09:00,00:00:00,2345
2024-10-08T16:17:03+09:00,00:00:00,2611
2024-10-08T16:26:20+09:00,00:00:00,663
2024-10-08T17:13:51+09:00,00:00:00,198
2024-10-09T07:37:35+09:00,00:23:46,3524
2024-10-09T07:52:40+09:00,00:04:40,2219
2024-10-09T08:28:31+09:00,00:00:00,520
2024-10-09T08:47:15+09:00,00:01:17,3040
2024-10-09T09:07:46+09:00,07:09:05,3524
2024-10-09T09:28:15+09:00,00:00:00,198
2024-10-09T09:28:16+09:00,00:00:00,3040
2024-10-09T09:42:37+09:00,00:06:22,2345
2024-10-09T09:45:54+09:00,00:01:25,189
2024-10-09T10:02:57+09:00,00:00:40,1988
2024-10-09T10:06:21+09:00,00:00:00,889
2024-10-09T10:35:50+09:00,00:00:40,189
2024-10-09T10:40:41+09:00,00:10:45,706
2024-10-09T10:43:54+09:00,00:00:56,1988
2024-10-09T11:47:35+09:00,00:00:00,3238
2024-10-09T11:50:27+09:00,00:02:40,731
2024-10-09T11:52:13+09:00,00:00:00,1655
2024-10-09T12:03:07+09:00,00:00:52,3555
2024-10-09T12:20:36+09:00,00:00:00,3040
2024-10-09T12:37:17+09:00,00:00:00,1717
2024-10-09T12:41:10+09:00,00:00:02,3555
2024-10-09T12:43:12+09:00,00:00:20,731
2024-10-09T12:46:57+09:00,00:02:54,2345
2024-10-09T13:17:46+09:00,00:02:53,657
2024-10-09T13:27:27+09:00,01:55:36,2345
2024-10-09T13:27:29+09:00,00:00:00,1717
2024-10-09T13:32:30+09:00,00:00:00,2952
2024-10-09T13:32:59+09:00,00:00:00,889
2024-10-09T13:33:10+09:00,00:00:00,198
2024-10-09T13:33:16+09:00,00:00:08,3040
2024-10-09T14:15:40+09:00,00:17:29,2401
2024-10-09T14:30:25+09:00,00:00:00,2952
2024-10-09T14:41:19+09:00,00:07:00,657
2024-10-09T14:47:01+09:00,00:23:57,847
2024-10-09T14:55:31+09:00,00:28:01,385
2024-10-09T15:11:21+09:00,00:00:00,523
2024-10-09T15:12:00+09:00,00:00:00,2952
2024-10-09T16:07:36+09:00,00:52:04,2345
2024-10-09T16:07:44+09:00,00:02:21,2070
2024-10-09T16:55:05+09:00,00:01:17,14
2024-10-09T17:08:52+09:00,00:00:20,198
2024-10-10T07:57:25+09:00,00:00:25,14
2024-10-10T08:02:54+09:00,08:57:38,3524
2024-10-10T08:34:43+09:00,00:00:29,14
2024-10-10T09:01:32+09:00,00:00:00,2607
2024-10-10T09:48:15+09:00,00:00:32,889
2024-10-10T09:58:49+09:00,00:02:42,3463
2024-10-10T09:59:35+09:00,00:04:10,1752
2024-10-10T10:05:41+09:00,00:08:37,2070
2024-10-10T10:22:23+09:00,00:00:00,1648
2024-10-10T10:22:39+09:00,00:23:49,2345
2024-10-10T10:23:24+09:00,00:01:21,3056
2024-10-10T10:42:08+09:00,00:01:12,2879
2024-10-10T11:23:24+09:00,00:06:51,2345
2024-10-10T11:35:52+09:00,00:00:00,2905
2024-10-10T11:39:35+09:00,00:00:44,189
2024-10-10T11:40:07+09:00,00:01:27,2346
2024-10-10T11:54:30+09:00,00:00:00,1166
2024-10-10T12:00:59+09:00,00:00:00,3241
2024-10-10T12:09:22+09:00,00:00:00,1717
2024-10-10T12:18:59+09:00,00:00:40,3451
2024-10-10T12:23:53+09:00,00:00:00,2345
2024-10-10T12:44:09+09:00,00:00:04,2672
2024-10-10T12:53:29+09:00,00:00:14,189
2024-10-10T12:57:20+09:00,00:21:54,3238
2024-10-10T12:58:17+09:00,00:00:23,3056
2024-10-10T12:58:56+09:00,01:44:00,2345
2024-10-10T12:59:16+09:00,00:31:43,2607
2024-10-10T12:59:40+09:00,00:01:10,2153
2024-10-10T12:59:59+09:00,00:29:59,657
2024-10-10T13:10:29+09:00,00:03:37,2401
2024-10-10T13:14:35+09:00,00:00:00,635
2024-10-10T13:19:02+09:00,00:01:03,1493
2024-10-10T13:38:14+09:00,00:00:00,1272
2024-10-10T13:51:07+09:00,00:00:00,437
2024-10-10T13:51:12+09:00,00:00:00,2952
2024-10-10T13:53:01+09:00,00:00:02,1493
2024-10-10T13:55:17+09:00,00:07:16,1166
2024-10-10T14:13:52+09:00,00:00:04,1272
2024-10-10T14:47:30+09:00,00:00:00,889
2024-10-10T15:02:16+09:00,00:20:25,2070
2024-10-10T15:12:58+09:00,00:00:01,1272
2024-10-10T15:22:51+09:00,00:00:01,695
2024-10-10T15:30:40+09:00,00:01:04,428
2024-10-10T15:34:44+09:00,00:00:45,2345
2024-10-10T15:44:25+09:00,00:01:17,487
2024-10-10T15:49:40+09:00,00:00:01,889
2024-10-10T16:03:47+09:00,00:00:00,1636
2024-10-10T16:04:01+09:00,00:01:57,14
2024-10-10T16:23:02+09:00,00:00:00,2952
2024-10-10T16:33:52+09:00,00:26:20,843
2024-10-10T16:43:06+09:00,00:04:00,657
2024-10-10T16:48:05+09:00,00:00:11,2070
2024-10-10T16:50:42+09:00,00:00:00,14
2024-10-11T07:52:49+09:00,01:48:40,3524
2024-10-11T07:58:19+09:00,00:02:04,2219
2024-10-11T08:21:48+09:00,00:03:38,1655
2024-10-11T08:23:26+09:00,00:00:01,296
2024-10-11T08:45:19+09:00,00:00:00,657
2024-10-11T09:09:09+09:00,00:03:22,1655
2024-10-11T09:10:03+09:00,00:02:58,296
2024-10-11T09:20:39+09:00,01:29:51,3040
2024-10-11T09:20:45+09:00,00:18:31,198
2024-10-11T09:32:58+09:00,00:00:00,657
2024-10-11T10:01:25+09:00,00:00:00,1717
2024-10-11T10:13:57+09:00,06:41:09,3524
2024-10-11T10:16:44+09:00,00:01:14,1604
2024-10-11T10:18:31+09:00,00:33:00,198
2024-10-11T10:46:34+09:00,00:00:00,2879
2024-10-11T10:47:59+09:00,00:00:52,1605
2024-10-11T11:12:43+09:00,00:02:48,2345
2024-10-11T11:19:50+09:00,00:01:55,2219
2024-10-11T11:22:55+09:00,00:00:04,695
2024-10-11T11:32:49+09:00,00:05:27,211
2024-10-11T11:32:49+09:00,00:08:21,703
2024-10-11T11:35:52+09:00,00:00:00,520
2024-10-11T11:51:38+09:00,00:27:44,2345
2024-10-11T12:03:53+09:00,00:03:04,2905
2024-10-11T12:03:58+09:00,00:00:00,329
2024-10-11T12:05:37+09:00,00:00:01,889
2024-10-11T12:09:01+09:00,00:01:00,657
2024-10-11T12:14:05+09:00,00:00:40,198
2024-10-11T12:14:14+09:00,00:02:53,3040
2024-10-11T12:14:22+09:00,01:39:51,189
2024-10-11T12:25:28+09:00,00:25:09,2952
2024-10-11T12:31:52+09:00,00:02:43,428
2024-10-11T12:44:07+09:00,00:00:56,520
2024-10-11T12:52:01+09:00,01:00:06,2345
2024-10-11T12:56:35+09:00,00:00:00,657
2024-10-11T13:11:46+09:00,00:24:42,889
2024-10-11T13:12:35+09:00,00:13:15,1717
2024-10-11T14:04:06+09:00,00:00:00,3238
2024-10-11T14:08:27+09:00,00:00:58,1655
2024-10-11T14:17:43+09:00,00:00:01,703
2024-10-11T14:19:36+09:00,00:05:59,889
2024-10-11T14:23:18+09:00,00:00:00,2607
2024-10-11T14:23:27+09:00,00:00:00,731
2024-10-11T14:24:41+09:00,00:02:00,2345
2024-10-11T14:24:42+09:00,00:00:00,189
2024-10-11T14:26:08+09:00,00:00:00,437
2024-10-11T14:31:17+09:00,00:00:30,329
2024-10-11T14:41:48+09:00,00:04:02,2401
2024-10-11T15:24:35+09:00,00:10:14,2345
2024-10-11T15:35:51+09:00,00:06:11,365
2024-10-11T15:38:25+09:00,00:00:57,2401
2024-10-11T15:58:32+09:00,00:02:02,657
2024-10-11T16:02:04+09:00,00:00:00,1655
2024-10-11T16:10:39+09:00,00:16:16,2345
2024-10-11T16:19:05+09:00,00:18:38,2221
2024-10-11T16:47:44+09:00,00:06:03,657
2024-10-12T07:34:16+09:00,02:31:10,3501
2024-10-12T07:53:04+09:00,01:10:27,118
2024-10-12T08:00:16+09:00,09:07:15,3524
2024-10-12T08:07:51+09:00,00:00:00,657
2024-10-12T08:11:19+09:00,00:29:22,847
2024-10-12T08:28:54+09:00,00:04:32,2153
2024-10-12T08:29:57+09:00,00:02:55,2345
2024-10-12T08:41:35+09:00,00:28:51,657
2024-10-12T08:57:50+09:00,00:09:29,695
2024-10-12T09:08:46+09:00,00:01:36,861
2024-10-12T09:09:24+09:00,00:42:46,189
2024-10-12T09:18:40+09:00,00:01:52,2153
2024-10-12T09:29:40+09:00,07:00:54,2345
2024-10-12T09:40:23+09:00,00:15:40,118
2024-10-12T09:48:55+09:00,00:00:41,703
2024-10-12T09:51:35+09:00,00:32:21,657
2024-10-12T10:13:04+09:00,00:00:00,1988
2024-10-12T10:35:21+09:00,00:11:35,695
2024-10-12T10:38:24+09:00,00:48:31,3501
2024-10-12T10:42:32+09:00,00:00:00,2070
2024-10-12T10:55:57+09:00,00:00:20,2952
2024-10-12T10:56:51+09:00,00:54:00,2607
2024-10-12T11:22:06+09:00,00:00:00,2646
2024-10-12T11:35:32+09:00,00:00:00,847
2024-10-12T11:37:53+09:00,01:40:10,189
2024-10-12T11:38:00+09:00,00:00:53,3555
2024-10-12T11:40:24+09:00,00:23:26,3238
2024-10-12T11:42:21+09:00,00:07:59,437
2024-10-12T11:52:22+09:00,00:01:52,861
2024-10-12T11:53:22+09:00,00:29:16,657
2024-10-12T12:05:57+09:00,00:07:11,2698
2024-10-12T12:05:59+09:00,01:44:57,3501
2024-10-12T12:06:44+09:00,00:03:07,904
2024-10-12T12:18:17+09:00,00:03:00,3345
2024-10-12T12:21:09+09:00,00:03:14,437
2024-10-12T12:21:34+09:00,00:18:35,3056
2024-10-12T12:26:30+09:00,00:00:30,847
2024-10-12T12:30:56+09:00,00:18:46,1655
2024-10-12T12:32:48+09:00,00:02:12,2592
2024-10-12T12:35:14+09:00,00:06:12,329
2024-10-12T12:36:33+09:00,00:27:26,1725
2024-10-12T12:39:19+09:00,00:17:15,2219
2024-10-12T12:44:29+09:00,00:00:00,3405
2024-10-12T13:04:25+09:00,01:14:14,657
2024-10-12T13:04:48+09:00,00:18:04,889
2024-10-12T13:07:06+09:00,00:08:55,2070
2024-10-12T13:11:14+09:00,00:02:00,3345
2024-10-12T13:14:58+09:00,00:25:37,3405
2024-10-12T13:17:16+09:00,00:03:14,695
2024-10-12T13:28:40+09:00,00:00:00,2221
2024-10-12T13:33:53+09:00,00:04:07,3451
2024-10-12T13:36:53+09:00,00:04:31,1656
2024-10-12T13:37:40+09:00,00:00:12,329
2024-10-12T13:37:52+09:00,00:03:03,3463
2024-10-12T13:56:14+09:00,00:06:42,2070
2024-10-12T13:57:00+09:00,00:18:50,889
2024-10-12T13:57:12+09:00,01:46:17,189
2024-10-12T14:02:34+09:00,00:21:31,2952
2024-10-12T14:06:20+09:00,00:00:13,3345
2024-10-12T14:10:00+09:00,00:00:00,1604
2024-10-12T14:12:49+09:00,00:38:57,1655
2024-10-12T14:15:44+09:00,00:00:00,1929
2024-10-12T14:15:45+09:00,00:07:49,695
2024-10-12T14:17:11+09:00,00:00:00,2220
2024-10-12T14:20:53+09:00,00:01:03,3238
2024-10-12T14:21:02+09:00,00:02:17,1605
2024-10-12T14:22:24+09:00,00:08:16,3451
2024-10-12T14:23:18+09:00,00:00:00,2674
2024-10-12T14:26:12+09:00,00:00:00,3560
2024-10-12T14:27:55+09:00,00:27:49,437
2024-10-12T14:31:32+09:00,00:02:15,14
2024-10-12T14:44:25+09:00,00:02:46,3463
2024-10-12T14:45:28+09:00,00:06:26,16
2024-10-12T14:46:45+09:00,00:00:00,1656
2024-10-12T14:47:37+09:00,00:01:08,2611
2024-10-12T14:52:55+09:00,00:07:42,3501
2024-10-12T14:59:42+09:00,00:04:11,657
2024-10-12T15:10:15+09:00,00:02:41,3238
2024-10-12T15:15:35+09:00,00:00:26,1220
2024-10-12T15:18:19+09:00,00:00:00,2719
2024-10-12T15:26:06+09:00,00:00:52,3451
2024-10-12T15:27:14+09:00,00:00:00,2674
2024-10-12T15:38:43+09:00,00:47:43,3501
2024-10-12T15:39:08+09:00,00:16:26,657
2024-10-12T15:40:57+09:00,00:04:45,1941
2024-10-12T15:42:47+09:00,00:00:53,329
2024-10-12T15:43:04+09:00,00:00:00,1272
2024-10-12T15:45:45+09:00,00:00:01,1655
2024-10-12T15:50:11+09:00,00:31:38,118
2024-10-12T15:51:46+09:00,00:00:00,731
2024-10-12T16:12:33+09:00,00:00:00,847
2024-10-12T16:13:13+09:00,00:00:00,437
2024-10-12T16:16:24+09:00,00:33:27,329
2024-10-12T16:22:20+09:00,00:24:29,189
2024-10-12T16:24:13+09:00,00:00:00,198
2024-10-12T16:24:20+09:00,00:00:00,1988
2024-10-12T16:24:57+09:00,00:00:37,1941
2024-10-12T16:31:52+09:00,00:29:39,695
2024-10-12T16:34:55+09:00,00:00:00,1218
2024-10-13T07:22:53+09:00,00:00:00,3524
2024-10-13T07:53:05+09:00,09:18:31,3524
2024-10-13T08:11:31+09:00,00:00:00,14
2024-10-13T08:16:12+09:00,00:00:53,889
2024-10-13T08:16:30+09:00,00:02:00,657
2024-10-13T08:17:41+09:00,00:02:23,1655
2024-10-13T08:28:52+09:00,00:01:56,468
2024-10-13T08:30:48+09:00,00:00:00,189
2024-10-13T08:50:19+09:00,00:02:55,14
2024-10-13T09:00:33+09:00,00:05:20,1655
2024-10-13T09:01:51+09:00,00:04:00,2974
2024-10-13T09:09:55+09:00,00:02:02,468
2024-10-13T09:10:20+09:00,02:44:48,657
2024-10-13T09:24:22+09:00,00:16:15,2345
2024-10-13T09:25:50+09:00,00:03:07,695
2024-10-13T09:35:22+09:00,00:01:29,189
2024-10-13T09:39:32+09:00,00:00:00,437
2024-10-13T09:41:28+09:00,00:01:02,3345
2024-10-13T09:47:52+09:00,00:00:00,2974
2024-10-13T09:52:21+09:00,00:00:00,703
2024-10-13T09:52:23+09:00,00:28:24,3451
2024-10-13T09:53:30+09:00,00:29:46,14
2024-10-13T09:56:58+09:00,00:17:34,2219
2024-10-13T10:04:48+09:00,00:05:50,1202
2024-10-13T10:11:27+09:00,06:45:58,2345
2024-10-13T10:12:16+09:00,00:03:15,2070
2024-10-13T10:22:12+09:00,00:01:26,2952
2024-10-13T10:22:25+09:00,01:33:03,889
2024-10-13T10:25:48+09:00,00:00:00,88
2024-10-13T10:38:50+09:00,00:00:40,1988
2024-10-13T10:45:31+09:00,00:00:00,1655
2024-10-13T10:51:15+09:00,00:09:32,189
2024-10-13T10:53:06+09:00,00:00:00,1202
2024-10-13T10:55:32+09:00,00:50:34,14
2024-10-13T10:58:12+09:00,00:03:30,625
2024-10-13T11:07:43+09:00,00:00:00,2070
2024-10-13T11:23:03+09:00,01:20:34,3451
2024-10-13T11:35:05+09:00,00:00:00,1717
2024-10-13T11:38:11+09:00,00:01:06,3345
2024-10-13T11:38:44+09:00,00:23:50,3501
2024-10-13T11:38:58+09:00,00:23:46,495
2024-10-13T11:39:10+09:00,00:23:07,118
2024-10-13T11:40:11+09:00,00:32:02,731
2024-10-13T11:42:50+09:00,00:00:00,2934
2024-10-13T11:43:32+09:00,00:05:05,2401
2024-10-13T11:50:13+09:00,00:38:47,189
2024-10-13T11:51:41+09:00,00:01:24,1202
2024-10-13T11:52:00+09:00,00:04:10,487
2024-10-13T11:52:41+09:00,00:00:50,847
2024-10-13T11:54:56+09:00,00:00:00,2672
2024-10-13T11:59:37+09:00,01:27:46,329
2024-10-13T12:00:45+09:00,00:22:54,3555
2024-10-13T12:01:05+09:00,00:00:00,490
2024-10-13T12:05:55+09:00,00:18:02,437
2024-10-13T12:07:29+09:00,00:00:00,2453
2024-10-13T12:16:15+09:00,00:10:13,695
2024-10-13T12:26:33+09:00,00:01:14,889
2024-10-13T12:27:12+09:00,00:00:56,14
2024-10-13T12:31:22+09:00,00:24:15,1272
2024-10-13T12:34:34+09:00,00:02:28,2401
2024-10-13T12:35:05+09:00,00:02:54,3238
2024-10-13T12:37:37+09:00,00:00:00,847
2024-10-13T12:38:15+09:00,00:00:00,1717
2024-10-13T12:39:53+09:00,00:01:31,2070
2024-10-13T12:41:46+09:00,00:00:00,1202
2024-10-13T12:48:30+09:00,00:38:05,731
2024-10-13T12:53:11+09:00,00:00:00,2952
2024-10-13T13:00:31+09:00,00:00:00,2934
2024-10-13T13:04:02+09:00,00:19:45,657
2024-10-13T13:05:49+09:00,00:04:04,403
2024-10-13T13:07:04+09:00,00:34:34,1655
2024-10-13T13:07:32+09:00,00:00:00,437
2024-10-13T13:07:45+09:00,00:04:25,703
2024-10-13T13:08:07+09:00,00:58:00,189
2024-10-13T13:08:39+09:00,00:01:24,3555
2024-10-13T13:12:08+09:00,00:25:42,14
2024-10-13T13:27:05+09:00,00:02:00,1725
2024-10-13T13:27:07+09:00,00:00:00,847
2024-10-13T13:37:18+09:00,00:00:00,2453
2024-10-13T13:37:25+09:00,00:00:29,1272
2024-10-13T13:38:57+09:00,01:10:25,1855
2024-10-13T13:40:47+09:00,00:06:11,3451
2024-10-13T13:41:15+09:00,00:00:00,551
2024-10-13T13:41:40+09:00,00:00:00,2934
2024-10-13T13:48:57+09:00,00:29:52,889
2024-10-13T13:50:02+09:00,00:00:01,843
2024-10-13T13:54:45+09:00,00:03:50,3583
2024-10-13T13:55:09+09:00,00:03:32,447
2024-10-13T14:03:36+09:00,00:05:19,3555
2024-10-13T14:03:44+09:00,00:00:56,1988
2024-10-13T14:04:29+09:00,01:14:57,437
2024-10-13T14:04:32+09:00,00:28:55,2734
2024-10-13T14:07:01+09:00,00:14:33,731
2024-10-13T14:09:33+09:00,00:23:45,657
2024-10-13T14:11:38+09:00,00:31:41,1666
2024-10-13T14:11:54+09:00,01:20:47,695
2024-10-13T14:12:29+09:00,00:01:19,2607
2024-10-13T14:17:47+09:00,00:02:39,385
2024-10-13T14:17:54+09:00,00:00:00,1725
2024-10-13T14:20:16+09:00,00:00:40,1655
2024-10-13T14:24:50+09:00,00:42:40,843
2024-10-13T14:26:52+09:00,00:00:00,680
2024-10-13T14:29:21+09:00,00:00:31,447
2024-10-13T14:35:31+09:00,01:39:09,14
2024-10-13T14:38:20+09:00,02:03:59,189
2024-10-13T14:49:35+09:00,00:10:29,889
2024-10-13T14:49:52+09:00,00:00:40,1988
2024-10-13T14:57:52+09:00,00:10:01,3265
2024-10-13T14:58:41+09:00,00:00:00,1605
2024-10-13T15:00:30+09:00,00:00:20,2952
2024-10-13T15:02:57+09:00,00:03:06,3583
2024-10-13T15:04:56+09:00,00:21:32,1655
2024-10-13T15:05:23+09:00,00:00:00,1717
2024-10-13T15:06:17+09:00,00:00:00,329
2024-10-13T15:06:29+09:00,00:00:00,385
2024-10-13T15:10:55+09:00,00:00:00,731
2024-10-13T15:13:58+09:00,00:13:05,657
2024-10-13T15:21:54+09:00,00:00:40,1988
2024-10-13T15:24:51+09:00,00:21:01,3241
2024-10-13T15:30:02+09:00,00:00:00,2607
2024-10-13T15:30:04+09:00,00:04:31,3451
2024-10-13T15:32:57+09:00,00:00:45,1552
2024-10-13T15:56:34+09:00,00:00:45,437
2024-10-13T16:11:17+09:00,00:00:26,2607
2024-10-13T16:12:06+09:00,00:24:48,1988
2024-10-13T16:16:04+09:00,00:00:00,3451
2024-10-13T16:28:22+09:00,00:08:04,1655
2024-10-13T16:37:03+09:00,00:00:42,1604
2024-10-13T17:12:31+09:00,00:00:00,14
2024-10-14T07:56:09+09:00,00:00:45,437
2024-10-14T07:57:04+09:00,00:17:53,2345
2024-10-14T08:02:12+09:00,09:02:05,3524
2024-10-14T08:16:06+09:00,00:00:55,189
2024-10-14T08:52:54+09:00,00:00:00,329
2024-10-14T08:59:54+09:00,00:00:31,3501
2024-10-14T09:08:13+09:00,06:37:48,2345
2024-10-14T09:10:25+09:00,00:00:45,437
2024-10-14T09:17:09+09:00,00:07:01,657
2024-10-14T09:25:45+09:00,00:14:17,14
2024-10-14T09:32:04+09:00,00:00:16,495
2024-10-14T09:55:20+09:00,00:00:00,189
2024-10-14T09:55:31+09:00,00:00:00,889
2024-10-14T10:00:07+09:00,00:00:20,118
2024-10-14T10:01:45+09:00,00:34:47,3501
2024-10-14T10:04:19+09:00,00:00:00,329
2024-10-14T10:04:45+09:00,00:03:00,2607
2024-10-14T10:05:50+09:00,00:00:20,1655
2024-10-14T10:17:50+09:00,00:00:00,657
2024-10-14T10:18:24+09:00,00:00:01,487
2024-10-14T10:18:36+09:00,00:56:20,14
2024-10-14T10:20:42+09:00,00:02:15,437
2024-10-14T10:29:06+09:00,00:04:42,2394
2024-10-14T10:29:08+09:00,00:06:44,3451
2024-10-14T10:47:47+09:00,00:08:03,861
2024-10-14T10:48:21+09:00,00:06:39,657
2024-10-14T10:57:39+09:00,00:00:00,3138
2024-10-14T11:02:11+09:00,00:00:17,2221
2024-10-14T11:04:44+09:00,00:06:16,437
2024-10-14T11:04:59+09:00,00:07:16,1655
2024-10-14T11:06:15+09:00,00:00:52,329
2024-10-14T11:06:48+09:00,00:00:00,2607
2024-10-14T11:07:44+09:00,00:04:38,189
2024-10-14T11:08:02+09:00,00:01:48,1605
2024-10-14T11:14:13+09:00,00:27:51,2070
2024-10-14T11:17:16+09:00,01:25:54,843
2024-10-14T11:17:56+09:00,00:00:00,704
2024-10-14T11:21:43+09:00,00:16:28,3451
2024-10-14T11:27:53+09:00,00:03:54,2838
2024-10-14T11:29:42+09:00,03:13:07,657
2024-10-14T11:38:51+09:00,00:00:00,2952
2024-10-14T11:42:45+09:00,00:00:00,1493
2024-10-14T11:45:05+09:00,00:03:11,2607
2024-10-14T11:47:28+09:00,00:00:00,2221
2024-10-14T11:50:43+09:00,00:00:00,3138
2024-10-14T11:55:16+09:00,00:56:48,14
2024-10-14T11:59:37+09:00,00:02:29,695
2024-10-14T12:15:13+09:00,02:05:17,189
2024-10-14T12:18:29+09:00,00:00:59,1605
2024-10-14T12:21:52+09:00,00:01:33,2672
2024-10-14T12:23:04+09:00,00:11:40,2607
2024-10-14T12:26:59+09:00,00:03:00,2303
2024-10-14T12:30:01+09:00,00:01:50,1220
2024-10-14T12:31:44+09:00,00:00:01,1493
2024-10-14T12:37:03+09:00,00:30:12,329
2024-10-14T12:37:42+09:00,00:00:20,1604
2024-10-14T12:42:16+09:00,00:00:40,1655
2024-10-14T12:46:21+09:00,00:00:00,2221
2024-10-14T12:52:38+09:00,00:01:49,88
2024-10-14T12:57:18+09:00,00:00:00,703
2024-10-14T12:58:10+09:00,00:00:00,3389
2024-10-14T12:59:32+09:00,00:02:01,695
2024-10-14T12:59:56+09:00,00:00:00,847
2024-10-14T13:00:47+09:00,00:00:00,1988
2024-10-14T13:04:10+09:00,00:02:53,3407
2024-10-14T13:11:15+09:00,00:04:45,1220
2024-10-14T13:28:17+09:00,00:05:22,2070
2024-10-14T13:28:38+09:00,00:02:53,3451
2024-10-14T13:53:04+09:00,00:00:00,1988
2024-10-14T13:54:42+09:00,00:00:20,1655
2024-10-14T13:56:06+09:00,00:00:25,2607
2024-10-14T13:57:29+09:00,00:02:45,1272
2024-10-14T13:57:48+09:00,00:01:53,14
2024-10-14T13:59:31+09:00,00:00:00,3407
2024-10-14T13:59:40+09:00,00:02:01,695
2024-10-14T14:01:46+09:00,00:00:20,710
2024-10-14T14:12:04+09:00,00:00:11,3451
2024-10-14T14:16:05+09:00,00:00:30,2070
2024-10-14T14:31:52+09:00,00:00:00,2879
2024-10-14T14:31:54+09:00,00:03:03,731
2024-10-14T14:38:06+09:00,00:45:57,14
2024-10-14T14:47:30+09:00,00:00:00,1655
2024-10-14T14:52:32+09:00,00:19:31,189
2024-10-14T14:53:48+09:00,00:00:01,2070
2024-10-14T15:03:59+09:00,00:11:55,3451
2024-10-14T15:04:19+09:00,00:00:00,1272
2024-10-14T15:10:56+09:00,00:03:18,1752
2024-10-14T15:11:29+09:00,00:01:03,3463
2024-10-14T15:13:26+09:00,00:02:18,468
2024-10-14T15:13:48+09:00,00:01:49,703
2024-10-14T15:21:11+09:00,00:04:19,437
2024-10-14T15:25:53+09:00,00:00:00,2879
2024-10-14T15:30:32+09:00,00:00:00,896
2024-10-14T15:39:18+09:00,00:42:50,329
2024-10-14T15:49:11+09:00,00:00:00,731
2024-10-14T16:00:27+09:00,00:02:56,468
2024-10-14T16:11:21+09:00,00:00:00,3463
2024-10-14T16:21:49+09:00,00:00:00,14
2024-10-14T16:22:37+09:00,00:00:00,896
2024-10-14T16:36:25+09:00,00:04:21,2607
2024-10-15T08:01:43+09:00,00:19:31,3524
2024-10-15T08:14:05+09:00,00:00:00,14
2024-10-15T08:17:04+09:00,01:02:52,2070
2024-10-15T08:46:57+09:00,00:00:00,14
2024-10-15T08:54:03+09:00,08:09:23,3524
2024-10-15T08:58:30+09:00,00:21:53,3040
2024-10-15T09:06:15+09:00,00:28:25,2345
2024-10-15T09:22:02+09:00,00:00:00,198
2024-10-15T10:11:48+09:00,00:00:00,2070
2024-10-15T10:15:29+09:00,00:00:19,628
2024-10-15T10:16:44+09:00,00:01:01,2345
2024-10-15T10:24:13+09:00,00:18:38,198
2024-10-15T10:32:00+09:00,00:00:15,3345
2024-10-15T10:35:20+09:00,00:00:00,2879
2024-10-15T10:45:43+09:00,00:01:42,2401
2024-10-15T10:49:00+09:00,00:03:06,2345
2024-10-15T10:57:16+09:00,00:02:26,3019
2024-10-15T10:57:25+09:00,00:00:00,189
2024-10-15T10:58:25+09:00,00:04:00,2611
2024-10-15T11:05:03+09:00,00:14:47,14
2024-10-15T11:20:25+09:00,00:10:54,2879
2024-10-15T11:25:29+09:00,00:24:43,2952
2024-10-15T11:26:08+09:00,00:00:00,889
2024-10-15T11:37:11+09:00,00:00:00,2401
2024-10-15T11:37:31+09:00,00:10:00,657
2024-10-15T11:38:16+09:00,00:01:19,189
2024-10-15T11:43:28+09:00,00:01:50,2345
2024-10-15T11:47:18+09:00,00:00:00,3019
2024-10-15T11:52:37+09:00,00:00:04,2611
2024-10-15T12:02:06+09:00,00:00:49,3040
2024-10-15T12:03:01+09:00,00:00:00,198
2024-10-15T12:10:05+09:00,00:29:50,329
2024-10-15T12:21:09+09:00,01:46:38,2345
2024-10-15T12:24:39+09:00,00:00:10,3345
2024-10-15T12:54:34+09:00,00:00:00,847
2024-10-15T12:54:37+09:00,00:00:00,14
2024-10-15T12:54:50+09:00,00:14:56,3407
2024-10-15T12:56:05+09:00,00:00:00,2672
2024-10-15T12:59:18+09:00,00:04:33,1272
2024-10-15T12:59:40+09:00,00:08:46,1655
2024-10-15T13:03:13+09:00,00:00:00,1388
2024-10-15T13:06:20+09:00,00:03:16,189
2024-10-15T13:06:33+09:00,00:03:03,523
2024-10-15T13:19:53+09:00,00:00:00,3040
2024-10-15T13:20:03+09:00,00:00:00,198
2024-10-15T13:32:01+09:00,00:00:00,14
2024-10-15T13:40:01+09:00,00:01:26,520
2024-10-15T13:40:35+09:00,00:00:01,428
2024-10-15T13:40:44+09:00,00:00:00,847
2024-10-15T14:06:23+09:00,00:00:10,437
2024-10-15T14:08:53+09:00,00:00:00,189
2024-10-15T14:11:00+09:00,00:00:00,1655
2024-10-15T14:12:30+09:00,00:00:00,3407
2024-10-15T14:51:12+09:00,00:00:20,2453
2024-10-15T15:09:47+09:00,00:00:00,189
2024-10-15T15:47:44+09:00,00:02:28,2674
2024-10-15T16:10:35+09:00,00:04:11,2345
2024-10-15T16:11:43+09:00,00:02:02,1272
2024-10-15T16:37:00+09:00,00:00:00,437
2024-10-15T16:59:21+09:00,00:03:07,2674
2024-10-15T17:07:02+09:00,00:04:28,198
2024-10-15T17:11:34+09:00,00:00:01,3040
2024-10-16T07:55:08+09:00,00:05:53,3524
2024-10-16T08:49:06+09:00,00:09:58,3524
2024-10-16T09:30:09+09:00,00:00:08,3345
2024-10-16T09:53:48+09:00,06:53:15,3524
2024-10-16T10:06:30+09:00,00:07:00,657
2024-10-16T10:08:04+09:00,00:00:00,3345
2024-10-16T10:51:17+09:00,00:08:08,703
2024-10-16T11:02:40+09:00,00:01:48,189
2024-10-16T11:48:50+09:00,00:00:29,2453
2024-10-16T12:26:54+09:00,00:00:40,2453
2024-10-16T12:42:17+09:00,00:06:20,2345
2024-10-16T12:43:46+09:00,00:03:18,2592
2024-10-16T12:49:57+09:00,00:05:53,2838
2024-10-16T13:11:44+09:00,00:00:20,731
2024-10-16T13:26:17+09:00,00:00:33,2838
2024-10-16T13:26:28+09:00,00:11:03,329
2024-10-16T13:30:38+09:00,00:00:00,189
2024-10-16T13:31:41+09:00,00:30:06,1988
2024-10-16T13:37:59+09:00,00:00:00,14
2024-10-16T13:42:18+09:00,00:23:55,2345
2024-10-16T13:44:06+09:00,00:00:10,2592
2024-10-16T13:54:41+09:00,00:00:23,468
2024-10-16T13:57:15+09:00,00:00:00,3583
2024-10-16T14:02:32+09:00,00:01:01,3463
2024-10-16T14:04:04+09:00,00:01:35,1752
2024-10-16T14:39:33+09:00,00:00:30,1752
2024-10-16T14:39:35+09:00,00:00:00,3463
2024-10-16T14:41:59+09:00,00:00:02,2345
2024-10-16T15:04:37+09:00,00:02:02,1202
2024-10-16T15:13:54+09:00,00:01:33,1084
2024-10-16T15:24:22+09:00,00:24:23,2345
2024-10-16T15:39:09+09:00,00:01:41,657
2024-10-16T15:43:07+09:00,00:26:30,695
2024-10-16T15:44:28+09:00,00:24:24,1988
2024-10-16T15:48:22+09:00,00:21:33,1604
2024-10-16T16:07:08+09:00,00:12:07,1202
2024-10-16T16:26:12+09:00,00:01:43,2345
2024-10-16T16:39:18+09:00,00:01:25,392
2024-10-17T08:01:57+09:00,00:05:13,3524
2024-10-17T08:02:39+09:00,00:29:36,731
2024-10-17T08:52:06+09:00,08:01:13,3524
2024-10-17T09:12:22+09:00,02:04:50,3040
2024-10-17T09:31:12+09:00,00:00:00,1272
2024-10-17T10:09:15+09:00,00:02:13,1272
2024-10-17T10:27:58+09:00,00:00:00,657
2024-10-17T10:33:27+09:00,00:16:25,2345
2024-10-17T10:42:39+09:00,00:00:00,1717
2024-10-17T10:44:59+09:00,00:01:32,695
2024-10-17T11:08:43+09:00,00:00:58,14
2024-10-17T11:13:12+09:00,00:00:00,1272
2024-10-17T11:16:49+09:00,00:15:41,695
2024-10-17T11:17:21+09:00,00:00:59,778
2024-10-17T11:17:38+09:00,00:00:00,2607
2024-10-17T11:27:58+09:00,00:00:00,657
2024-10-17T11:39:55+09:00,01:37:15,2345
2024-10-17T11:44:03+09:00,00:01:30,14
2024-10-17T11:52:28+09:00,00:00:00,3555
2024-10-17T11:54:22+09:00,00:00:00,1717
2024-10-17T12:07:33+09:00,00:02:50,2219
2024-10-17T12:08:18+09:00,01:08:04,437
2024-10-17T12:23:42+09:00,00:00:00,1604
2024-10-17T12:25:46+09:00,00:00:00,1655
2024-10-17T12:37:19+09:00,00:04:24,14
2024-10-17T12:52:39+09:00,00:02:31,329
2024-10-17T12:54:19+09:00,00:00:01,703
2024-10-17T12:58:14+09:00,00:00:00,1388
2024-10-17T13:05:54+09:00,00:00:28,2607
2024-10-17T13:16:48+09:00,00:00:07,3345
2024-10-17T13:18:08+09:00,00:29:51,889
2024-10-17T13:33:52+09:00,00:00:16,1988
2024-10-17T13:38:17+09:00,00:00:00,2070
2024-10-17T14:04:17+09:00,01:14:48,2345
2024-10-17T14:16:57+09:00,00:30:08,2220
2024-10-17T14:17:01+09:00,00:30:09,1272
2024-10-17T14:25:16+09:00,00:05:51,3451
2024-10-17T14:26:00+09:00,00:01:39,2338
2024-10-17T14:26:13+09:00,00:54:57,657
2024-10-17T14:29:06+09:00,00:00:00,2070
2024-10-17T14:32:55+09:00,00:01:15,189
2024-10-17T14:51:02+09:00,00:07:29,889
2024-10-17T15:05:54+09:00,00:00:00,2338
2024-10-17T15:09:07+09:00,00:00:00,2070
2024-10-17T15:13:11+09:00,00:00:00,3253
2024-10-17T15:21:25+09:00,00:02:11,695
2024-10-17T15:37:22+09:00,00:00:00,189
2024-10-17T16:03:43+09:00,00:01:04,3451
2024-10-17T16:11:48+09:00,00:00:53,189
2024-10-17T16:19:51+09:00,00:00:00,3560
2024-10-17T16:20:18+09:00,00:00:00,657
2024-10-17T16:41:09+09:00,00:00:09,3451
2024-10-17T16:43:42+09:00,00:11:45,392
2024-10-17T16:52:59+09:00,00:00:01,3562
2024-10-18T07:56:04+09:00,00:06:12,2345
2024-10-18T07:58:15+09:00,00:03:00,437
2024-10-18T07:59:36+09:00,00:00:00,706
2024-10-18T08:31:17+09:00,08:26:24,3524
2024-10-18T08:53:00+09:00,00:00:00,437
2024-10-18T08:53:15+09:00,00:00:39,2345
2024-10-18T09:03:32+09:00,00:02:35,2934
2024-10-18T09:30:16+09:00,00:06:13,703
2024-10-18T09:37:29+09:00,00:00:01,2345
2024-10-18T10:02:04+09:00,00:01:15,189
2024-10-18T10:06:05+09:00,00:04:07,847
2024-10-18T10:16:18+09:00,00:00:13,703
2024-10-18T10:25:08+09:00,00:32:29,2345
2024-10-18T10:27:26+09:00,00:00:00,437
2024-10-18T10:48:12+09:00,00:55:27,695
2024-10-18T11:09:23+09:00,00:00:00,2070
2024-10-18T11:14:00+09:00,00:00:00,189
2024-10-18T11:21:55+09:00,00:18:52,2221
2024-10-18T11:27:28+09:00,00:02:00,2592
2024-10-18T11:36:57+09:00,00:33:00,2345
2024-10-18T11:38:00+09:00,00:20:51,688
2024-10-18T11:48:21+09:00,00:06:45,3238
2024-10-18T11:49:49+09:00,00:00:00,1988
2024-10-18T12:25:29+09:00,00:00:00,1209
2024-10-18T12:32:06+09:00,01:17:18,657
2024-10-18T12:32:07+09:00,00:25:20,189
2024-10-18T12:42:01+09:00,00:01:07,2345
2024-10-18T12:46:38+09:00,00:02:05,3389
2024-10-18T12:48:26+09:00,00:00:00,695
2024-10-18T13:05:19+09:00,00:29:33,861
2024-10-18T13:09:54+09:00,00:00:00,329
2024-10-18T13:13:36+09:00,00:20:39,2345
2024-10-18T13:13:38+09:00,00:20:30,889
2024-10-18T13:26:49+09:00,00:00:20,731
2024-10-18T13:28:29+09:00,00:04:01,695
2024-10-18T13:31:15+09:00,00:00:00,2979
2024-10-18T13:35:01+09:00,00:00:00,1209
2024-10-18T13:44:12+09:00,00:00:44,329
2024-10-18T13:45:04+09:00,00:04:28,3463
2024-10-18T13:45:27+09:00,00:00:15,1752
2024-10-18T13:51:45+09:00,00:10:07,189
2024-10-18T14:17:16+09:00,00:00:00,329
2024-10-18T14:17:58+09:00,01:04:14,2345
2024-10-18T14:23:36+09:00,00:00:00,2879
2024-10-18T14:23:54+09:00,00:04:26,2607
2024-10-18T14:34:06+09:00,00:00:00,437
2024-10-18T14:44:04+09:00,00:00:35,189
2024-10-18T14:47:03+09:00,00:12:48,889
2024-10-18T15:01:52+09:00,00:01:40,657
2024-10-18T15:02:05+09:00,00:00:17,3501
2024-10-18T15:03:09+09:00,00:25:38,412
2024-10-18T15:03:26+09:00,00:19:01,3555
2024-10-18T15:07:34+09:00,00:00:00,437
2024-10-18T15:11:00+09:00,00:03:19,843
2024-10-18T15:22:26+09:00,00:01:17,189
2024-10-18T15:31:20+09:00,00:03:08,847
2024-10-18T15:34:27+09:00,00:00:00,3501
2024-10-18T15:37:16+09:00,00:00:00,657
2024-10-18T15:41:04+09:00,00:00:00,2607
2024-10-18T15:52:02+09:00,00:00:16,1988
2024-10-18T15:54:10+09:00,00:00:00,189
2024-10-18T15:54:35+09:00,00:53:37,2345
2024-10-18T16:04:09+09:00,00:43:49,392
2024-10-18T16:10:58+09:00,00:00:00,2879
2024-10-18T16:11:38+09:00,00:25:23,657
2024-10-18T16:11:46+09:00,00:15:57,3562
2024-10-18T16:34:13+09:00,00:06:23,189
2024-10-18T16:35:06+09:00,00:02:49,2719
2024-10-19T07:43:28+09:00,00:44:47,3524
2024-10-19T09:06:09+09:00,07:52:12,3524
2024-10-19T09:07:42+09:00,00:00:00,695
2024-10-19T09:07:59+09:00,00:00:00,847
2024-10-19T09:42:54+09:00,00:01:35,2070
2024-10-19T09:47:38+09:00,00:00:00,14
2024-10-19T09:55:42+09:00,00:00:00,695
2024-10-19T10:06:07+09:00,00:00:00,1202
2024-10-19T10:06:45+09:00,00:01:10,2345
2024-10-19T10:29:16+09:00,00:33:25,495
2024-10-19T10:42:22+09:00,00:00:00,1202
2024-10-19T10:44:00+09:00,00:01:45,14
2024-10-19T11:17:41+09:00,00:02:39,329
2024-10-19T11:33:17+09:00,00:28:04,695
2024-10-19T11:33:38+09:00,00:33:16,657
2024-10-19T11:33:59+09:00,00:37:05,189
2024-10-19T11:37:01+09:00,00:02:50,14
2024-10-19T11:37:24+09:00,00:29:14,487
2024-10-19T11:38:21+09:00,00:00:00,2345
2024-10-19T11:39:48+09:00,00:00:01,680
2024-10-19T11:49:05+09:00,00:12:41,1604
2024-10-19T12:27:18+09:00,00:03:56,1655
2024-10-19T12:29:04+09:00,00:00:28,495
2024-10-19T12:31:48+09:00,00:02:13,847
2024-10-19T12:34:19+09:00,00:00:45,688
2024-10-19T12:37:47+09:00,00:02:10,487
2024-10-19T12:49:06+09:00,00:00:00,657
2024-10-19T12:51:56+09:00,00:01:22,189
2024-10-19T13:05:45+09:00,00:00:16,14
2024-10-19T13:06:32+09:00,00:00:16,889
2024-10-19T13:14:42+09:00,00:00:00,731
2024-10-19T13:15:28+09:00,02:36:01,2345
2024-10-19T13:20:55+09:00,00:05:47,198
2024-10-19T13:23:32+09:00,00:02:24,1604
2024-10-19T13:25:53+09:00,00:00:00,189
2024-10-19T13:27:55+09:00,00:31:49,695
2024-10-19T13:29:54+09:00,00:40:19,2607
2024-10-19T13:46:24+09:00,01:52:28,657
2024-10-19T13:48:03+09:00,00:05:28,2221
2024-10-19T13:53:41+09:00,01:23:09,14
2024-10-19T13:54:04+09:00,00:00:16,1988
2024-10-19T14:03:19+09:00,00:00:00,847
2024-10-19T14:03:21+09:00,00:00:00,1604
2024-10-19T14:03:41+09:00,00:00:00,1284
2024-10-19T14:07:05+09:00,00:00:19,198
2024-10-19T14:07:31+09:00,00:07:19,329
2024-10-19T14:24:26+09:00,00:02:00,1256
2024-10-19T14:25:39+09:00,00:00:00,1652
2024-10-19T14:25:40+09:00,00:00:00,1765
2024-10-19T14:30:21+09:00,00:14:20,437
2024-10-19T14:30:33+09:00,00:30:31,296
2024-10-19T14:30:52+09:00,00:02:37,2070
2024-10-19T14:44:02+09:00,00:05:33,2221
2024-10-19T15:07:13+09:00,00:00:00,1284
2024-10-19T15:07:54+09:00,00:27:16,889
2024-10-19T15:26:07+09:00,00:00:00,1256
2024-10-19T15:37:42+09:00,00:00:00,437
2024-10-19T15:38:25+09:00,00:03:43,3580
2024-10-19T15:39:26+09:00,00:00:00,520
2024-10-19T15:39:55+09:00,00:01:40,703
2024-10-19T16:11:47+09:00,00:00:00,365
2024-10-19T16:13:05+09:00,00:00:00,657
2024-10-19T16:16:58+09:00,00:00:00,1717
2024-10-19T16:54:49+09:00,00:00:15,703
2024-10-20T07:53:48+09:00,09:02:58,3524
2024-10-20T08:29:24+09:00,00:02:40,731
2024-10-20T08:56:01+09:00,00:00:00,1493
2024-10-20T09:09:10+09:00,00:00:38,14
2024-10-20T09:09:59+09:00,00:00:00,189
2024-10-20T09:13:55+09:00,00:01:41,2070
2024-10-20T09:21:27+09:00,00:00:00,889
2024-10-20T09:33:07+09:00,00:00:00,2345
2024-10-20T09:34:42+09:00,00:00:00,2952
2024-10-20T09:47:46+09:00,00:00:00,847
2024-10-20T10:02:20+09:00,00:28:12,189
2024-10-20T10:06:44+09:00,00:01:51,2905
2024-10-20T10:13:00+09:00,05:54:20,2345
2024-10-20T10:13:19+09:00,00:00:00,437
2024-10-20T10:41:10+09:00,00:01:00,657
2024-10-20T10:42:14+09:00,00:00:00,1655
2024-10-20T10:42:44+09:00,00:07:59,847
2024-10-20T10:45:30+09:00,00:02:01,2905
2024-10-20T10:50:34+09:00,00:03:12,1935
2024-10-20T10:53:03+09:00,00:02:00,2070
2024-10-20T10:58:01+09:00,00:23:00,2401
2024-10-20T11:09:49+09:00,01:06:43,329
2024-10-20T11:16:35+09:00,01:16:25,437
2024-10-20T11:20:40+09:00,00:02:28,625
2024-10-20T11:21:54+09:00,00:42:01,1988
2024-10-20T11:26:02+09:00,00:00:40,657
2024-10-20T11:28:15+09:00,03:58:16,189
2024-10-20T11:38:15+09:00,00:00:00,703
2024-10-20T11:38:33+09:00,00:00:00,1935
2024-10-20T11:45:24+09:00,00:00:00,847
2024-10-20T11:45:53+09:00,00:00:14,520
2024-10-20T11:56:01+09:00,00:00:00,1655
2024-10-20T11:56:43+09:00,00:00:25,625
2024-10-20T12:01:55+09:00,00:03:19,3209
2024-10-20T12:02:04+09:00,00:31:39,1604
2024-10-20T12:10:47+09:00,02:19:11,14
2024-10-20T12:11:02+09:00,01:46:45,695
2024-10-20T12:22:55+09:00,00:43:16,1493
2024-10-20T12:24:52+09:00,00:02:47,1366
2024-10-20T12:33:14+09:00,00:00:00,2952
2024-10-20T12:34:02+09:00,00:00:00,847
2024-10-20T12:35:08+09:00,00:00:00,520
2024-10-20T12:35:33+09:00,00:02:32,770
2024-10-20T12:39:44+09:00,00:46:23,657
2024-10-20T12:40:45+09:00,00:00:01,861
2024-10-20T12:42:07+09:00,00:00:20,731
2024-10-20T12:46:50+09:00,00:00:00,1066
2024-10-20T12:52:16+09:00,00:00:45,1461
2024-10-20T12:55:36+09:00,00:08:16,329
2024-10-20T12:59:45+09:00,00:00:00,3138
2024-10-20T13:07:10+09:00,00:03:09,843
2024-10-20T13:09:56+09:00,00:02:30,3451
2024-10-20T13:13:42+09:00,00:00:00,1655
2024-10-20T13:17:34+09:00,00:35:28,847
2024-10-20T13:23:16+09:00,00:00:01,861
2024-10-20T13:29:43+09:00,00:02:00,770
2024-10-20T13:31:18+09:00,00:00:44,2070
2024-10-20T13:33:33+09:00,00:00:00,1725
2024-10-20T13:46:39+09:00,00:00:00,1409
2024-10-20T13:53:22+09:00,00:33:18,3555
2024-10-20T13:56:02+09:00,00:02:32,1461
2024-10-20T13:59:49+09:00,00:00:24,889
2024-10-20T14:03:32+09:00,00:01:10,385
2024-10-20T14:06:16+09:00,00:02:06,88
2024-10-20T14:11:32+09:00,00:00:02,861
2024-10-20T14:11:34+09:00,00:23:03,657
2024-10-20T14:27:40+09:00,00:01:16,2346
2024-10-20T14:30:22+09:00,00:00:00,2326
2024-10-20T14:35:43+09:00,00:00:00,2298
2024-10-20T14:35:44+09:00,00:00:00,866
2024-10-20T14:37:06+09:00,00:00:00,1079
2024-10-20T14:42:53+09:00,00:02:43,3040
2024-10-20T14:43:23+09:00,00:00:00,198
2024-10-20T14:57:38+09:00,00:00:00,329
2024-10-20T14:58:16+09:00,00:01:36,385
2024-10-20T15:04:49+09:00,00:20:17,657
2024-10-20T15:06:56+09:00,00:00:21,520
2024-10-20T15:15:19+09:00,00:02:44,1115
2024-10-20T15:15:42+09:00,00:44:18,1655
2024-10-20T15:21:44+09:00,00:00:00,2934
2024-10-20T15:22:07+09:00,00:00:56,889
2024-10-20T15:26:29+09:00,00:00:00,1604
2024-10-20T15:33:10+09:00,00:00:00,3555
2024-10-20T15:36:03+09:00,00:00:23,1988
2024-10-20T15:38:00+09:00,00:27:25,329
2024-10-20T15:57:49+09:00,00:26:58,189
2024-10-20T16:04:45+09:00,00:13:26,657
2024-10-20T16:07:57+09:00,00:00:34,2607
2024-10-20T16:10:26+09:00,00:01:36,889
2024-10-20T16:23:43+09:00,00:00:00,1604
2024-10-20T16:24:51+09:00,00:00:00,2952
2024-10-20T16:46:25+09:00,00:04:31,2345
2024-10-20T16:48:45+09:00,00:01:01,437
2024-10-20T17:00:00+09:00,00:00:00,703
2024-10-21T07:52:12+09:00,00:00:00,2070
2024-10-21T08:04:35+09:00,00:06:40,3524
2024-10-21T08:10:33+09:00,00:00:00,1655
2024-10-21T08:58:33+09:00,08:09:56,3524
2024-10-21T09:04:32+09:00,00:00:00,3040
2024-10-21T09:39:41+09:00,00:00:00,1655
2024-10-21T09:40:44+09:00,00:00:00,1855
2024-10-21T09:56:27+09:00,00:00:09,2070
2024-10-21T10:02:57+09:00,00:07:20,657
2024-10-21T10:05:24+09:00,00:00:20,2345
2024-10-21T10:08:30+09:00,00:30:04,329
2024-10-21T10:10:52+09:00,00:00:00,1855
2024-10-21T10:15:22+09:00,00:00:00,1655
2024-10-21T10:22:23+09:00,00:24:03,695
2024-10-21T10:31:46+09:00,00:13:20,2070
2024-10-21T10:39:41+09:00,00:04:04,3040
2024-10-21T10:45:17+09:00,00:00:00,657
2024-10-21T11:09:06+09:00,00:08:13,329
2024-10-21T11:22:16+09:00,01:16:47,2345
2024-10-21T11:33:45+09:00,00:00:00,703
2024-10-21T11:34:02+09:00,00:00:00,2607
2024-10-21T11:39:41+09:00,00:00:00,3040
2024-10-21T11:42:34+09:00,00:05:26,1855
2024-10-21T11:43:38+09:00,00:00:00,1717
2024-10-21T11:43:44+09:00,00:02:50,2221
2024-10-21T11:45:33+09:00,00:00:00,695
2024-10-21T11:46:52+09:00,00:00:21,2734
2024-10-21T11:47:11+09:00,00:00:00,2934
2024-10-21T11:51:39+09:00,00:00:48,1115
2024-10-21T11:57:15+09:00,00:03:12,847
2024-10-21T12:03:43+09:00,00:00:00,329
2024-10-21T12:04:58+09:00,00:28:18,385
2024-10-21T12:05:17+09:00,00:11:16,3257
2024-10-21T12:17:57+09:00,00:03:25,2607
2024-10-21T12:22:28+09:00,00:44:52,3040
2024-10-21T12:28:39+09:00,00:01:00,1855
2024-10-21T12:28:48+09:00,00:00:01,2734
2024-10-21T12:31:41+09:00,00:20:09,657
2024-10-21T12:32:01+09:00,00:00:00,2221
2024-10-21T12:33:42+09:00,00:00:00,2934
2024-10-21T12:36:58+09:00,00:00:13,2952
2024-10-21T12:37:21+09:00,00:00:00,889
2024-10-21T12:38:55+09:00,00:24:01,847
2024-10-21T12:47:05+09:00,00:00:00,329
2024-10-21T12:53:21+09:00,00:12:53,1272
2024-10-21T12:59:25+09:00,00:01:31,2401
2024-10-21T13:13:53+09:00,00:00:20,1655
2024-10-21T13:17:38+09:00,00:00:51,2345
2024-10-21T13:18:31+09:00,00:00:40,889
2024-10-21T13:49:05+09:00,00:00:10,2401
2024-10-21T13:52:58+09:00,00:00:00,695
2024-10-21T14:04:06+09:00,02:01:53,2345
2024-10-21T14:07:21+09:00,00:00:09,2070
2024-10-21T14:13:19+09:00,00:00:00,437
2024-10-21T14:17:28+09:00,00:00:00,889
2024-10-21T14:19:13+09:00,00:00:22,1366
2024-10-21T14:19:53+09:00,00:28:06,657
2024-10-21T14:29:12+09:00,01:00:36,703
2024-10-21T14:31:13+09:00,00:28:54,189
2024-10-21T14:38:01+09:00,00:00:01,374
2024-10-21T14:43:55+09:00,00:00:20,3555
2024-10-21T14:48:58+09:00,00:02:00,2401
2024-10-21T14:50:54+09:00,00:00:00,487
2024-10-21T15:13:27+09:00,00:23:13,14
2024-10-21T15:26:36+09:00,00:00:01,3555
2024-10-21T15:35:55+09:00,00:02:40,2754
2024-10-21T15:36:54+09:00,00:01:20,657
2024-10-21T15:38:08+09:00,00:01:06,861
2024-10-21T16:03:45+09:00,00:00:40,189
2024-10-21T16:29:50+09:00,00:00:50,861
2024-10-21T16:30:00+09:00,00:00:47,657
2024-10-21T17:02:59+09:00,00:00:30,189
2024-10-21T17:09:39+09:00,00:00:00,3040
2024-10-22T08:04:36+09:00,00:01:02,3524
2024-10-22T08:58:33+09:00,00:01:08,3524
2024-10-22T09:41:43+09:00,06:58:14,3524
2024-10-22T09:54:55+09:00,00:00:19,3485
2024-10-22T09:55:59+09:00,00:00:24,1988
2024-10-22T09:58:28+09:00,00:22:27,437
2024-10-22T09:58:47+09:00,01:12:01,2345
2024-10-22T10:06:10+09:00,00:00:31,3238
2024-10-22T10:21:09+09:00,00:02:55,3451
2024-10-22T10:22:13+09:00,00:00:00,2346
2024-10-22T11:03:51+09:00,00:00:00,2482
2024-10-22T11:06:27+09:00,00:00:47,437
2024-10-22T11:08:57+09:00,00:03:09,3451
2024-10-22T11:13:12+09:00,00:00:00,3238
2024-10-22T11:14:26+09:00,00:01:42,2220
2024-10-22T11:16:18+09:00,00:04:23,1272
2024-10-22T11:29:05+09:00,00:31:12,3562
2024-10-22T11:29:54+09:00,00:29:48,392
2024-10-22T11:47:46+09:00,00:00:00,3238
2024-10-22T11:48:14+09:00,00:00:00,189
2024-10-22T11:53:42+09:00,00:11:13,3451
2024-10-22T12:06:48+09:00,00:00:00,1272
2024-10-22T12:07:02+09:00,00:02:00,2346
2024-10-22T12:07:35+09:00,00:06:32,437
2024-10-22T12:12:54+09:00,00:00:20,1655
2024-10-22T12:39:16+09:00,00:00:46,731
2024-10-22T12:40:34+09:00,00:01:24,3501
2024-10-22T12:40:49+09:00,00:34:44,2592
2024-10-22T13:00:42+09:00,00:00:01,3463
2024-10-22T13:03:56+09:00,00:03:19,329
2024-10-22T13:14:51+09:00,00:01:00,657
2024-10-22T13:15:24+09:00,00:00:00,118
2024-10-22T13:27:43+09:00,00:01:18,1604
2024-10-22T13:38:43+09:00,00:00:00,3463
2024-10-22T13:41:02+09:00,00:01:41,14
2024-10-22T13:42:10+09:00,00:14:44,3562
2024-10-22T13:52:27+09:00,00:01:00,657
2024-10-22T13:54:21+09:00,00:00:00,703
2024-10-22T13:56:10+09:00,00:00:00,520
2024-10-22T14:01:16+09:00,00:00:00,329
2024-10-22T14:03:01+09:00,00:00:00,2952
2024-10-22T14:03:54+09:00,00:00:00,198
2024-10-22T14:24:17+09:00,00:00:56,2345
2024-10-22T14:25:05+09:00,00:00:22,657
2024-10-22T14:32:14+09:00,00:00:00,2879
2024-10-22T14:46:11+09:00,00:00:06,2536
2024-10-22T14:46:42+09:00,00:00:00,847
2024-10-22T14:56:02+09:00,00:00:59,657
2024-10-22T14:59:11+09:00,00:01:47,2345
2024-10-22T15:18:53+09:00,00:30:28,1655
2024-10-22T15:45:58+09:00,00:00:00,189
2024-10-22T15:47:59+09:00,00:00:00,329
2024-10-22T15:55:00+09:00,00:01:08,3238
2024-10-22T16:00:43+09:00,00:00:01,611
2024-10-22T16:23:11+09:00,00:00:00,189
2024-10-22T16:27:44+09:00,00:31:47,2345
2024-10-22T16:37:17+09:00,00:02:45,1067
2024-10-22T16:37:37+09:00,00:22:43,1079
2024-10-22T16:40:22+09:00,00:01:18,2346
2024-10-23T08:04:51+09:00,00:30:40,3524
2024-10-23T08:37:46+09:00,00:00:40,657
2024-10-23T09:14:07+09:00,00:12:22,3524
2024-10-23T09:17:42+09:00,00:00:00,14
2024-10-23T09:22:01+09:00,00:00:31,1715
2024-10-23T09:50:32+09:00,00:01:53,1272
2024-10-23T09:51:01+09:00,00:00:00,657
2024-10-23T09:55:02+09:00,00:00:28,14
2024-10-23T10:01:39+09:00,00:00:00,1715
2024-10-23T10:03:00+09:00,06:56:41,3524
2024-10-23T10:18:42+09:00,00:03:54,688
2024-10-23T10:46:43+09:00,00:00:00,1717
2024-10-23T10:50:58+09:00,00:00:00,1272
2024-10-23T10:53:37+09:00,00:21:52,2345
2024-10-23T10:56:15+09:00,00:01:28,2905
2024-10-23T11:16:58+09:00,01:10:51,189
2024-10-23T11:21:36+09:00,00:00:01,688
2024-10-23T11:31:28+09:00,00:00:46,2905
2024-10-23T11:34:25+09:00,00:01:10,385
2024-10-23T11:44:10+09:00,00:21:36,2070
2024-10-23T12:02:27+09:00,00:00:00,329
2024-10-23T12:45:54+09:00,00:00:45,14
2024-10-23T12:46:43+09:00,00:01:02,1186
2024-10-23T12:49:39+09:00,00:00:00,437
2024-10-23T12:50:22+09:00,00:04:27,2345
2024-10-23T12:58:30+09:00,00:00:17,1988
2024-10-23T13:05:40+09:00,00:00:30,189
2024-10-23T13:23:17+09:00,00:01:32,437
2024-10-23T13:23:51+09:00,00:00:22,1066
2024-10-23T13:25:01+09:00,00:00:37,2345
2024-10-23T13:27:36+09:00,00:22:29,14
2024-10-23T13:38:02+09:00,00:09:58,889
2024-10-23T13:39:54+09:00,00:02:40,2719
2024-10-23T13:48:37+09:00,00:17:05,3345
2024-10-23T13:51:07+09:00,00:00:00,657
2024-10-23T14:04:59+09:00,00:02:42,2345
2024-10-23T14:06:07+09:00,00:02:36,1115
2024-10-23T14:06:23+09:00,00:00:00,3583
2024-10-23T14:07:46+09:00,00:01:26,437
2024-10-23T14:11:14+09:00,00:51:46,189
2024-10-23T14:19:22+09:00,00:29:40,889
2024-10-23T14:51:21+09:00,00:00:00,2345
2024-10-23T14:51:55+09:00,00:17:41,3345
2024-10-23T15:37:28+09:00,00:03:17,3451
2024-10-23T15:48:20+09:00,00:00:32,1704
2024-10-23T15:57:55+09:00,00:24:59,657
2024-10-23T15:58:09+09:00,00:02:36,2345
2024-10-23T15:58:18+09:00,00:00:40,1655
2024-10-23T15:59:30+09:00,00:00:00,1755
2024-10-23T15:59:40+09:00,00:00:00,703
2024-10-23T15:59:43+09:00,00:29:15,695
2024-10-23T16:00:15+09:00,00:00:00,520
2024-10-24T05:49:53+09:00,00:03:19,3407
2024-10-24T08:43:35+09:00,04:33:17,3524
2024-10-24T09:18:13+09:00,00:05:36,329
2024-10-24T10:23:53+09:00,00:00:46,1717
2024-10-24T10:25:40+09:00,00:22:48,329
2024-10-24T10:49:51+09:00,00:03:34,731
2024-10-24T10:59:51+09:00,00:00:00,88
2024-10-24T11:00:12+09:00,00:00:00,2607
2024-10-24T11:01:09+09:00,00:02:28,3056
2024-10-24T11:02:53+09:00,00:45:44,2345
2024-10-24T11:26:40+09:00,00:14:41,731
2024-10-24T11:40:48+09:00,00:04:34,3056
2024-10-24T11:53:49+09:00,00:00:00,2346
2024-10-24T12:01:37+09:00,00:00:19,14
2024-10-24T12:02:53+09:00,00:02:33,1493
2024-10-24T12:05:41+09:00,00:00:00,754
2024-10-24T12:11:39+09:00,00:00:00,695
2024-10-24T12:24:58+09:00,00:03:24,198
2024-10-24T12:29:38+09:00,00:32:00,3451
2024-10-24T12:31:27+09:00,00:19:57,385
2024-10-24T12:32:21+09:00,00:14:06,3238
2024-10-24T12:37:48+09:00,00:00:57,1493
2024-10-24T12:48:16+09:00,00:09:50,2345
2024-10-24T12:52:47+09:00,00:06:02,189
2024-10-24T12:54:55+09:00,00:02:13,520
2024-10-24T12:55:15+09:00,00:00:00,1604
2024-10-24T12:57:41+09:00,00:07:32,1941
2024-10-24T12:57:56+09:00,00:03:36,1272
2024-10-24T13:15:02+09:00,00:00:40,889
2024-10-24T13:16:17+09:00,00:00:00,657
